Time,PCS_AC_Power,PV_Power,Battery_Power,Microgrid_Net_Power,Microgrid_Total_Load
"7/15/22, 12:00:00 AM CDT",1,0,0,3.029803,2.029803
"7/15/22, 12:15:00 AM CDT",1,0,0,3.029803,2.029803
"7/15/22, 12:30:00 AM CDT",1,0,0,3.029803,2.029803
"7/15/22, 12:45:00 AM CDT",1,0,0,3.029803,2.029803
"7/15/22, 1:00:00 AM CDT",1,0,0,3.029803,2.029803
"7/15/22, 1:15:00 AM CDT",52.5,0,49.64333,55.15902,2.638042
"7/15/22, 1:30:00 AM CDT",52.5,0,49.65,55.15902,2.659016
"7/15/22, 1:45:00 AM CDT",52.5,0,49.66667,55.15902,2.659016
"7/15/22, 2:00:00 AM CDT",52.5,0,49.66666,55.15902,2.659016
"7/15/22, 2:15:00 AM CDT",52.5,0,49.63,55.15902,2.659016
"7/15/22, 2:30:00 AM CDT",52.5,0,49.59666,55.15902,2.659016
"7/15/22, 2:45:00 AM CDT",52.5,0,49.60333,55.15902,2.659016
"7/15/22, 3:00:00 AM CDT",52.5,0,49.63333,55.15902,2.659016
"7/15/22, 3:15:00 AM CDT",52.5,0,49.64333,55.15902,2.659016
"7/15/22, 3:30:00 AM CDT",52.5,0,49.61333,55.15902,2.659016
"7/15/22, 3:45:00 AM CDT",52.5,0,49.64333,55.15902,2.659016
"7/15/22, 4:00:00 AM CDT",52.5,0,49.64333,55.15902,2.659016
"7/15/22, 4:15:00 AM CDT",52.5,0,49.63333,55.15902,2.659016
"7/15/22, 4:30:00 AM CDT",52.5,0,49.66,55.15902,2.659016
"7/15/22, 4:45:00 AM CDT",52.5,0,49.66333,55.15902,2.659016
"7/15/22, 5:00:00 AM CDT",52.5,0,49.62,55.15902,2.659016
"7/15/22, 5:15:00 AM CDT",52.5,0,49.67,55.15902,2.659016
"7/15/22, 5:30:00 AM CDT",52.12667,0,49.22333,55.15902,3.032349
"7/15/22, 5:45:00 AM CDT",47.59,0,44.77666,50.96986,3.69549
"7/15/22, 6:00:00 AM CDT",14.24333,0,12.11,17.17165,3.865624
"7/15/22, 6:15:00 AM CDT",0.35,0.3333333,0,3.959496,3.609496
"7/15/22, 6:30:00 AM CDT",-0.3,1,0,2.033703,2.333703
"7/15/22, 6:45:00 AM CDT",-1.79,2.533333,0,0.1660166,2.02519
"7/15/22, 7:00:00 AM CDT",-3.616667,4.396667,0,-2.033703,1.64963
"7/15/22, 7:15:00 AM CDT",-4.916667,5.97,0,-2.432143,2.734004
"7/15/22, 7:30:00 AM CDT",-10.14333,11.16667,0,-7.080608,3.129133
"7/15/22, 7:45:00 AM CDT",-13.73333,14.78,0,-11.33893,2.52998
"7/15/22, 8:00:00 AM CDT",-18.13333,19.4,0,-15.79648,2.436594
"7/15/22, 8:15:00 AM CDT",-21.93333,23.58333,0,-19.78088,2.252195
"7/15/22, 8:30:00 AM CDT",-26.17667,28.02333,0,-23.01543,3.536681
"7/15/22, 8:45:00 AM CDT",-29.37333,30.93,0,-25.87646,3.261558
"7/15/22, 9:00:00 AM CDT",-30.22333,32.33333,0,-26.99983,3.43973
"7/15/22, 9:15:00 AM CDT",-38.85333,40.96667,0,-36.13351,2.969429
"7/15/22, 9:30:00 AM CDT",-38.57667,40.46333,0,-36.29123,2.240628
"7/15/22, 9:45:00 AM CDT",-39.71,42.28,0,-38.05654,2.157175
"7/15/22, 10:00:00 AM CDT",-48.21667,51.11333,0,-45.31423,3.032621
"7/15/22, 10:15:00 AM CDT",-54.93,58.63334,0,-51.82762,3.696961
"7/15/22, 10:30:00 AM CDT",-58.06667,61.82667,0,-55.59896,3.420121
"7/15/22, 10:45:00 AM CDT",-53.82333,56.04333,0,-49.46465,3.818724
"7/15/22, 11:00:00 AM CDT",-66.06667,70.68,0,-64.49468,2.850396
"7/15/22, 11:15:00 AM CDT",-49.94333,52.58333,0,-46.50125,3.192566
"7/15/22, 11:30:00 AM CDT",-46.00667,47.67667,0,-41.59269,4.044578
"7/15/22, 11:45:00 AM CDT",-42.13333,44.64333,0,-39.45385,2.581141
"7/15/22, 12:00:00 PM CDT",-51.69667,54.58333,0,-49.38164,2.724769
"7/15/22, 12:15:00 PM CDT",-43.56667,45.45667,0,-39.98787,3.223788
"7/15/22, 12:30:00 PM CDT",-40.29,42.8,0,-36.63986,3.72347
"7/15/22, 12:45:00 PM CDT",-46.36666,49.27,0,-43.0647,3.458367
"7/15/22, 1:00:00 PM CDT",-69.48,74.01667,0,-67.36677,2.857899
"7/15/22, 1:15:00 PM CDT",-85.37,90.06333,0,-81.25406,3.959275
"7/15/22, 1:30:00 PM CDT",-78.33,82.07333,0,-73.89952,3.592994
"7/15/22, 1:45:00 PM CDT",-76.83334,82.35333,0,-73.9521,3.805462
"7/15/22, 2:00:00 PM CDT",-55.63,57.30333,0,-50.79001,3.954798
"7/15/22, 2:15:00 PM CDT",-70.22334,73.96333,0,-66.25446,3.814325
"7/15/22, 2:30:00 PM CDT",-62.04667,65.49,0,-58.14455,3.506938
"7/15/22, 2:45:00 PM CDT",-62.32667,66.13,0,-58.88332,3.963772
"7/15/22, 3:00:00 PM CDT",-50.62333,51.82667,0,-45.57156,3.454683
"7/15/22, 3:15:00 PM CDT",-93.19667,31.61,-69.16666,-93.00526,2.697242
"7/15/22, 3:30:00 PM CDT",-96.79333,44.49,-55.44333,-91.3036,3.840998
"7/15/22, 3:45:00 PM CDT",-94.34,41.52333,-57.96667,-90.02804,4.048843
"7/15/22, 4:00:00 PM CDT",-95.47334,39.25333,-60.36,-91.35893,3.977657
"7/15/22, 4:15:00 PM CDT",-95.07,33.47667,-66.22,-90.42924,4.239412
"7/15/22, 4:30:00 PM CDT",-95.51334,23.96,-76.21667,-91.81824,3.83426
"7/15/22, 4:45:00 PM CDT",-95.46333,24.33,-75.59666,-91.25103,4.058973
"7/15/22, 5:00:00 PM CDT",-95.82667,30.04667,-70.12,-91.56092,4.216051
"7/15/22, 5:15:00 PM CDT",-95.05334,22.65333,-77.30666,-90.78618,4.376893
"7/15/22, 5:30:00 PM CDT",-95.34667,20.98,-79.11667,-91.28423,4.01911
"7/15/22, 5:45:00 PM CDT",-95.32333,14.72667,-85.38,-91.18462,4.17205
"7/15/22, 6:00:00 PM CDT",-92.35667,10.9,-85.4,-88.08841,3.961981
"7/15/22, 6:15:00 PM CDT",-47.45,11.58,-35.87333,-42.43938,3.787169
"7/15/22, 6:30:00 PM CDT",-29.17667,20.53,-10.32667,-25.68277,3.640203
"7/15/22, 6:45:00 PM CDT",-23.17333,21.73667,-2.986667,-19.57059,3.61434
"7/15/22, 7:00:00 PM CDT",-10.46,11.17333,0,-6.416542,3.584238
"7/15/22, 7:15:00 PM CDT",-6.256667,7.253333,0,-4.357936,1.931804
"7/15/22, 7:30:00 PM CDT",-4.08,4.763333,0,-2.166517,1.846817
"7/15/22, 7:45:00 PM CDT",-1.21,2,0,0.6225622,1.832562
"7/15/22, 8:00:00 PM CDT",0.1666667,0.6933333,0,2.033703,1.867037
"7/15/22, 8:15:00 PM CDT",0.7,0,0,3.029803,2.329803
"7/15/22, 8:30:00 PM CDT",0.7,0,0,3.029803,2.329803
"7/15/22, 8:45:00 PM CDT",0.7,0,0,3.029803,2.329803
"7/15/22, 9:00:00 PM CDT",0.7,0,0,3.029803,2.329803
"7/15/22, 9:15:00 PM CDT",0.7,0,0,3.029803,2.329803
"7/15/22, 9:30:00 PM CDT",0.7,0,0,3.029803,2.329803
"7/15/22, 9:45:00 PM CDT",0.7,0,0,3.029803,2.329803
"7/15/22, 10:00:00 PM CDT",0.7,0,0,3.029803,2.329803
"7/15/22, 10:15:00 PM CDT",0.7,0,0,3.029803,2.329803
"7/15/22, 10:30:00 PM CDT",0.7,0,0,3.029803,2.329803
"7/15/22, 10:45:00 PM CDT",0.7,0,0,3.029803,2.329803
"7/15/22, 11:00:00 PM CDT",0.7,0,0,3.029803,2.329803
"7/15/22, 11:15:00 PM CDT",0.7,0,0,3.029803,2.329803
"7/15/22, 11:30:00 PM CDT",0.7,0,0,3.029803,2.329803
"7/15/22, 11:45:00 PM CDT",0.7,0,0,3.029803,2.329803
"7/16/22, 12:00:00 AM CDT",0.7,0,0,3.029803,2.329803
"7/16/22, 12:15:00 AM CDT",0.7,0,0,3.029803,2.329803
"7/16/22, 12:30:00 AM CDT",0.7,0,0,3.029803,2.329803
"7/16/22, 12:45:00 AM CDT",0.7,0,0,3.029803,2.329803
"7/16/22, 1:00:00 AM CDT",0.7,0,0,3.029803,2.329803
"7/16/22, 1:15:00 AM CDT",50.77333,0,47.99667,54.38427,3.655117
"7/16/22, 1:30:00 AM CDT",52.5,0,49.65667,56.15512,3.655117
"7/16/22, 1:45:00 AM CDT",52.5,0,49.64667,56.15512,3.655117
"7/16/22, 2:00:00 AM CDT",52.5,0,49.64,56.15512,3.655117
"7/16/22, 2:15:00 AM CDT",52.5,0,49.63,56.15512,3.655117
"7/16/22, 2:30:00 AM CDT",52.5,0,49.61,56.15512,3.655117
"7/16/22, 2:45:00 AM CDT",52.5,0,49.6,56.15512,3.655117
"7/16/22, 3:00:00 AM CDT",52.5,0,49.63333,56.15512,3.655117
"7/16/22, 3:15:00 AM CDT",52.5,0,49.64333,56.15512,3.655117
"7/16/22, 3:30:00 AM CDT",52.5,0,49.62,56.15512,3.655117
"7/16/22, 3:45:00 AM CDT",52.5,0,49.65333,56.15512,3.655117
"7/16/22, 4:00:00 AM CDT",52.5,0,49.63667,56.15512,3.655117
"7/16/22, 4:15:00 AM CDT",52.5,0,49.63333,56.15512,3.655117
"7/16/22, 4:30:00 AM CDT",52.5,0,49.65667,56.15512,3.655117
"7/16/22, 4:45:00 AM CDT",52.5,0,49.67667,56.15512,3.655117
"7/16/22, 5:00:00 AM CDT",52.5,0,49.61333,56.15512,3.655117
"7/16/22, 5:15:00 AM CDT",52.5,0,49.65,56.15512,3.655117
"7/16/22, 5:30:00 AM CDT",52.26667,0,49.45,56.15512,3.935117
"7/16/22, 5:45:00 AM CDT",49.29667,0,46.71333,53.6621,4.30652
"7/16/22, 6:00:00 AM CDT",29.12,0,27.72,33.3721,3.958864
"7/16/22, 6:15:00 AM CDT",0.5833334,0.1666667,0.1133333,2.69777,2.19803
"7/16/22, 6:30:00 AM CDT",-0.9666667,1.6,0,1.134447,2.098607
"7/16/22, 6:45:00 AM CDT",-4.116667,4.766667,0,-1.90089,2.186297
"7/16/22, 7:00:00 AM CDT",-7.453333,7.966667,0,-4.092309,3.381284
"7/16/22, 7:15:00 AM CDT",-12.77667,13.85333,0,-9.236057,3.458883
"7/16/22, 7:30:00 AM CDT",-16.89667,18.20333,0,-13.60783,3.314809
"7/16/22, 7:45:00 AM CDT",-20.59,21.63333,0,-17.52305,2.993874
"7/16/22, 8:00:00 AM CDT",-16.31333,17.61,0,-14.07267,2.202302
"7/16/22, 8:15:00 AM CDT",-4.443333,5.203333,0,-2.29933,2.187337
"7/16/22, 8:30:00 AM CDT",-3.766667,4.433333,0,-1.967297,1.762703
"7/16/22, 8:45:00 AM CDT",-2.366667,3,0,-0.0415041,2.361133
"7/16/22, 9:00:00 AM CDT",-4.646667,5.033333,0,-1.568857,2.981663
"7/16/22, 9:15:00 AM CDT",-6.78,7.693333,0,-5.022002,1.794665
"7/16/22, 9:30:00 AM CDT",-8.5,9,0,-6.018102,2.481898
"7/16/22, 9:45:00 AM CDT",-38.36333,40.95667,0,-36.01177,2.819959
"7/16/22, 10:00:00 AM CDT",-50.82,53.23,0,-47.69104,2.543477
"7/16/22, 10:15:00 AM CDT",-58.93333,61.93333,0,-55.15902,3.80765
"7/16/22, 10:30:00 AM CDT",-60.76,64.16666,0,-57.61606,3.150865
"7/16/22, 10:45:00 AM CDT",-64.76666,68.27,0,-61.87162,2.700116
"7/16/22, 11:00:00 AM CDT",-61.6,65.78667,0,-58.85012,3.496752
"7/16/22, 11:15:00 AM CDT",-47.46667,50.08,0,-43.67067,4.833549
"7/16/22, 11:30:00 AM CDT",-60.41333,63.9,0,-55.44678,4.468626
"7/16/22, 11:45:00 AM CDT",-73.19,75.94,0,-69.91236,3.391913
"7/16/22, 12:00:00 PM CDT",-74.15667,78.29333,0,-70.37997,3.708813
"7/16/22, 12:15:00 PM CDT",-74.12333,78.22334,0,-70.18352,3.903147
"7/16/22, 12:30:00 PM CDT",-75.94666,80.74667,0,-71.87965,4.817131
"7/16/22, 12:45:00 PM CDT",-55.85667,60.55,0,-51.15525,3.722805
"7/16/22, 1:00:00 PM CDT",-76.07333,80.36667,0,-72.24213,3.897613
"7/16/22, 1:15:00 PM CDT",-76,80.3,0,-72.17572,3.82428
"7/16/22, 1:30:00 PM CDT",-75.47,79.53667,0,-71.30967,4.087131
"7/16/22, 1:45:00 PM CDT",-79.37,83.66666,0,-75.42964,3.937283
"7/16/22, 2:00:00 PM CDT",-76.82667,82.87334,0,-73.26866,2.468928
"7/16/22, 2:15:00 PM CDT",-53.34333,54.18,0,-48.012,1.251889
"7/16/22, 2:30:00 PM CDT",-67.68667,72.94,0,-64.29546,3.425866
"7/16/22, 2:45:00 PM CDT",-69.45,73.45333,0,-65.54889,3.312109
"7/16/22, 3:00:00 PM CDT",-63.32,67.31333,0,-56.66977,3.121153
"7/16/22, 3:15:00 PM CDT",-65.85,69.56333,0,-62.30603,3.342549
"7/16/22, 3:30:00 PM CDT",-66.9,70.61667,0,-63.26062,3.60604
"7/16/22, 3:45:00 PM CDT",-54.81,57.55333,0,-51.18015,4.289728
"7/16/22, 4:00:00 PM CDT",-52.76333,55.40333,0,-48.95,3.634741
"7/16/22, 4:15:00 PM CDT",-52.98667,55.02,0,-48.85315,3.343447
"7/16/22, 4:30:00 PM CDT",-53.69667,56.8,0,-50.32793,3.688474
"7/16/22, 4:45:00 PM CDT",-49.38333,51.94333,0,-45.24229,4.122992
"7/16/22, 5:00:00 PM CDT",-40.65333,43.25667,0,-36.89165,3.693628
"7/16/22, 5:15:00 PM CDT",-36.40667,38.46667,0,-32.74677,3.686819
"7/16/22, 5:30:00 PM CDT",-30.90333,32.64667,0,-27.09391,3.776611
"7/16/22, 5:45:00 PM CDT",-22.82667,23.98,0,-18.72944,3.784674
"7/16/22, 6:00:00 PM CDT",-22.36667,23.61667,0,-18.84565,3.563309
"7/16/22, 6:15:00 PM CDT",-16.08667,17.29,0,-12.53149,3.308643
"7/16/22, 6:30:00 PM CDT",-11.06667,12.07667,0,-7.412642,3.544546
"7/16/22, 6:45:00 PM CDT",-9.46,10.63,0,-6.881388,2.571685
"7/16/22, 7:00:00 PM CDT",-7.903334,9.206666,0,-5.951695,2.018305
"7/16/22, 7:15:00 PM CDT",-3.766667,4.586667,0,-1.967297,1.866037
"7/16/22, 7:30:00 PM CDT",-1.333333,2.533333,0,0.5478548,1.914522
"7/16/22, 7:45:00 PM CDT",-0.7066666,1.566667,0,1.170417,1.810677
"7/16/22, 8:00:00 PM CDT",0.1,0.5,0,3.029803,2.929803
"7/16/22, 8:15:00 PM CDT",0.1,0.5,0,3.029803,2.929803
"7/16/22, 8:30:00 PM CDT",0.1,0.5,0,3.029803,2.929803
"7/16/22, 8:45:00 PM CDT",0.1,0.5,0,3.029803,2.929803
"7/16/22, 9:00:00 PM CDT",0.1,0.5,0,3.029803,2.929803
"7/16/22, 9:15:00 PM CDT",0.1,0.5,0,3.029803,2.929803
"7/16/22, 9:30:00 PM CDT",0.1,0.5,0,3.029803,2.929803
"7/16/22, 9:45:00 PM CDT",0.1,0.5,0,3.029803,2.929803
"7/16/22, 10:00:00 PM CDT",0.6333333,0.5,0,3.029803,2.429803
"7/16/22, 10:15:00 PM CDT",1.1,0.5,0,3.029803,1.929803
"7/16/22, 10:30:00 PM CDT",1.1,0.5,0,3.029803,1.929803
"7/16/22, 10:45:00 PM CDT",1.1,0.5,0,3.029803,1.929803
"7/16/22, 11:00:00 PM CDT",1.1,0.5,0,3.029803,1.929803
"7/16/22, 11:15:00 PM CDT",1.1,0.5,0,3.029803,1.929803
"7/16/22, 11:30:00 PM CDT",1.1,0.5,0,3.029803,1.929803
"7/16/22, 11:45:00 PM CDT",1.1,0.5,0,3.029803,1.929803
"7/17/22, 12:00:00 AM CDT",1.1,0.5,0,3.029803,1.929803
"7/17/22, 12:15:00 AM CDT",1.1,0.5,0,3.029803,1.929803
"7/17/22, 12:30:00 AM CDT",1.1,0.5,0,3.029803,1.929803
"7/17/22, 12:45:00 AM CDT",1.1,0.5,0,3.029803,1.929803
"7/17/22, 1:00:00 AM CDT",1.1,0.5,0,3.029803,1.929803
"7/17/22, 1:15:00 AM CDT",1.1,0.5,0,3.029803,1.929803
"7/17/22, 1:30:00 AM CDT",1.1,0.5,0,3.029803,1.929803
"7/17/22, 1:45:00 AM CDT",1.1,0.5,0,3.029803,1.929803
"7/17/22, 2:00:00 AM CDT",1.1,0.5,0,3.029803,1.929803
"7/17/22, 2:15:00 AM CDT",1.1,0.5,0,3.029803,1.929803
"7/17/22, 2:30:00 AM CDT",1.1,0.5,0,3.029803,1.929803
"7/17/22, 2:45:00 AM CDT",1.1,0.5,0,3.029803,1.929803
"7/17/22, 3:00:00 AM CDT",1.1,0.5,0,3.029803,1.929803
"7/17/22, 3:15:00 AM CDT",1.1,0.5,0,3.029803,1.929803
"7/17/22, 3:30:00 AM CDT",1.1,0.5,0,3.029803,1.929803
"7/17/22, 3:45:00 AM CDT",1.1,0.5,0,3.029803,1.929803
"7/17/22, 4:00:00 AM CDT",1.1,0.5,0,3.029803,1.929803
"7/17/22, 4:15:00 AM CDT",1.1,0.5,0,3.029803,1.929803
"7/17/22, 4:30:00 AM CDT",1.1,0.5,0,3.029803,1.929803
"7/17/22, 4:45:00 AM CDT",1.1,0.5,0,3.029803,1.929803
"7/17/22, 5:00:00 AM CDT",1.1,0.5,0,3.029803,1.929803
"7/17/22, 5:15:00 AM CDT",1.1,0.5,0,3.029803,1.929803
"7/17/22, 5:30:00 AM CDT",1.1,0.5,0,3.029803,1.929803
"7/17/22, 5:45:00 AM CDT",1.1,0.5,0,3.029803,1.929803
"7/17/22, 6:00:00 AM CDT",1.1,0.5,0,3.029803,1.929803
"7/17/22, 6:15:00 AM CDT",0.9,0.5,0,3.029803,2.129803
"7/17/22, 6:30:00 AM CDT",0.1,0.5,0,3.029803,2.929803
"7/17/22, 6:45:00 AM CDT",0.1,0.5,0,3.029803,2.929803
"7/17/22, 7:00:00 AM CDT",0.5333334,0.5,0,3.029803,2.579803
"7/17/22, 7:15:00 AM CDT",0.08,0.7333333,0,2.29933,2.21933
"7/17/22, 7:30:00 AM CDT",-1.9,2.466667,0,0.1743174,2.076954
"7/17/22, 7:45:00 AM CDT",-2.533333,3.166667,0,-0.290529,2.242804
"7/17/22, 8:00:00 AM CDT",-2.933333,3.866667,0,-0.877121,2.156212
"7/17/22, 8:15:00 AM CDT",-0.76,1.5,0,1.70167,2.428337
"7/17/22, 8:30:00 AM CDT",-2.686666,3.1,0,-0.4233423,2.296268
"7/17/22, 8:45:00 AM CDT",-8.843333,9.723333,0,-6.350135,2.479605
"7/17/22, 9:00:00 AM CDT",-8.873333,9.806667,0,-6.615762,2.290645
"7/17/22, 9:15:00 AM CDT",-15.23,16.33333,0,-12.52319,2.700147
"7/17/22, 9:30:00 AM CDT",-6.21,7.013333,0,-3.693869,2.623057
"7/17/22, 9:45:00 AM CDT",-0.34,1.24,0,2.030936,2.33453
"7/17/22, 10:00:00 AM CDT",0.5,0.7,0,3.029803,2.529803
"7/17/22, 10:15:00 AM CDT",0.5,0.7,0,3.029803,2.529803
"7/17/22, 10:30:00 AM CDT",0.5,0.7,0,3.029803,2.529803
"7/17/22, 10:45:00 AM CDT",0.4733333,0.7,0,3.029803,2.563136
"7/17/22, 11:00:00 AM CDT",0.04,0.9333333,0,2.06414,2.023443
"7/17/22, 11:15:00 AM CDT",-2.303333,3.18,0,-0.4648465,1.838487
"7/17/22, 11:30:00 AM CDT",-7.133333,7.8,0,-5.154816,1.911851
"7/17/22, 11:45:00 AM CDT",-7.213333,7.933333,0,-4.756376,2.457218
"7/17/22, 12:00:00 PM CDT",-10.74667,12.00667,0,-8.20952,2.510479
"7/17/22, 12:15:00 PM CDT",-7.926666,8.62,0,-5.221222,2.712371
"7/17/22, 12:30:00 PM CDT",-10.76667,11.68667,0,-7.943894,2.852512
"7/17/22, 12:45:00 PM CDT",-7.383333,8.346666,0,-5.154816,2.294665
"7/17/22, 1:00:00 PM CDT",-13.14333,14.23333,0,-10.33453,2.815467
"7/17/22, 1:15:00 PM CDT",-16.47333,17.74,0,-13.46948,2.895589
"7/17/22, 1:30:00 PM CDT",-26.04,27.43,0,-23.0182,2.968929
"7/17/22, 1:45:00 PM CDT",-49.49667,51.32,0,-46.44868,2.623252
"7/17/22, 2:00:00 PM CDT",-34.90334,37.01,0,-31.83922,3.08966
"7/17/22, 2:15:00 PM CDT",-20.96667,22.07,0,-17.78868,3.244655
"7/17/22, 2:30:00 PM CDT",-20.35667,21.43333,0,-17.47602,3.044683
"7/17/22, 2:45:00 PM CDT",-14.26667,15.13333,0,-11.06501,3.234734
"7/17/22, 3:00:00 PM CDT",-16.36333,17.46667,0,-13.23429,3.132637
"7/17/22, 3:15:00 PM CDT",-13.39333,14.65,0,-10.46735,2.92958
"7/17/22, 3:30:00 PM CDT",-15.02667,16.13333,0,-11.84805,3.141949
"7/17/22, 3:45:00 PM CDT",-17.60667,18.85,0,-14.68694,2.882805
"7/17/22, 4:00:00 PM CDT",-15.93,17.2,0,-13.32007,2.646602
"7/17/22, 4:15:00 PM CDT",-16.43667,17.64,0,-13.6272,2.848514
"7/17/22, 4:30:00 PM CDT",-20.71667,22.13333,0,-18.25353,2.499807
"7/17/22, 4:45:00 PM CDT",-17.83,19.23333,0,-15.14625,2.691375
"7/17/22, 5:00:00 PM CDT",-11.83333,13.11667,0,-8.939995,2.893339
"7/17/22, 5:15:00 PM CDT",-8.426666,9.286667,0,-5.619662,2.744191
"7/17/22, 5:30:00 PM CDT",-3.893333,5.3,0,-2.830583,1.06275
"7/17/22, 5:45:00 PM CDT",-3.563333,4.333333,0,-1.037604,2.489063
"7/17/22, 6:00:00 PM CDT",-3.54,4.543333,0,-1.568857,1.96755
"7/17/22, 6:15:00 PM CDT",-8.886666,9.806666,0,-6.084508,2.636012
"7/17/22, 6:30:00 PM CDT",-6.946667,7.806666,0,-4.490749,2.388991
"7/17/22, 6:45:00 PM CDT",-6.62,7.563333,0,-4.689969,1.896698
"7/17/22, 7:00:00 PM CDT",-5.966667,7.023334,0,-3.561056,2.472277
"7/17/22, 7:15:00 PM CDT",-0.4733333,1.446667,0,1.278328,1.788328
"7/17/22, 7:30:00 PM CDT",0.2333333,0.5666667,0,2.033703,1.767037
"7/17/22, 7:45:00 PM CDT",0,1,0,1.037604,1.037604
"7/17/22, 8:00:00 PM CDT",0,0.2666667,0,2.49855,2.49855
"7/17/22, 8:15:00 PM CDT",0.4333333,0,0,3.029803,2.629803
"7/17/22, 8:30:00 PM CDT",1,0,0,3.029803,2.029803
"7/17/22, 8:45:00 PM CDT",1,0,0,3.029803,2.029803
"7/17/22, 9:00:00 PM CDT",1,0,0,3.029803,2.029803
"7/17/22, 9:15:00 PM CDT",1,0,0,3.029803,2.029803
"7/17/22, 9:30:00 PM CDT",1,0,0,3.029803,2.029803
"7/17/22, 9:45:00 PM CDT",1,0,0,3.029803,2.029803
"7/17/22, 10:00:00 PM CDT",1,0,0,3.029803,2.029803
"7/17/22, 10:15:00 PM CDT",1,0,0,3.029803,2.029803
"7/17/22, 10:30:00 PM CDT",1,0,0,3.029803,2.029803
"7/17/22, 10:45:00 PM CDT",1,0,0,3.029803,2.029803
"7/17/22, 11:00:00 PM CDT",1,0,0,3.029803,2.029803
"7/17/22, 11:15:00 PM CDT",1,0,0,3.029803,2.029803
"7/17/22, 11:30:00 PM CDT",1,0,0,3.029803,2.029803
"7/17/22, 11:45:00 PM CDT",1,0,0,3.029803,2.029803
"7/18/22, 12:00:00 AM CDT",1,0,0,3.162616,2.162616
"7/18/22, 12:15:00 AM CDT",1,0,0,3.029803,2.029803
"7/18/22, 12:30:00 AM CDT",1,0,0,3.029803,2.029803
"7/18/22, 12:45:00 AM CDT",1,0,0,3.029803,2.029803
"7/18/22, 1:00:00 AM CDT",1,0,0,3.029803,2.029803
"7/18/22, 1:15:00 AM CDT",5.97,0,4.463334,8.430877,2.539567
"7/18/22, 1:30:00 AM CDT",0.9,0,0,4.025903,3.125903
"7/18/22, 1:45:00 AM CDT",0.9,0,0,4.025903,3.125903
"7/18/22, 2:00:00 AM CDT",0.9,0,0,4.025903,3.125903
"7/18/22, 2:15:00 AM CDT",0.9,0,0,4.025903,3.125903
"7/18/22, 2:30:00 AM CDT",0.9,0,0,4.025903,3.125903
"7/18/22, 2:45:00 AM CDT",0.9,0,0,4.025903,3.125903
"7/18/22, 3:00:00 AM CDT",0.9,0,0,4.025903,3.125903
"7/18/22, 3:15:00 AM CDT",0.9,0,0,4.025903,3.125903
"7/18/22, 3:30:00 AM CDT",0.9,0,0,4.025903,3.125903
"7/18/22, 3:45:00 AM CDT",0.9,0,0,4.025903,3.125903
"7/18/22, 4:00:00 AM CDT",0.9,0,0,4.025903,3.125903
"7/18/22, 4:15:00 AM CDT",0.9,0,0,4.025903,3.125903
"7/18/22, 4:30:00 AM CDT",0.9,0,0,4.025903,3.125903
"7/18/22, 4:45:00 AM CDT",0.9,0,0,4.025903,3.125903
"7/18/22, 5:00:00 AM CDT",0.9,0,0,4.025903,3.125903
"7/18/22, 5:15:00 AM CDT",0.9,0,0,4.025903,3.125903
"7/18/22, 5:30:00 AM CDT",0.9,0,0,4.025903,3.125903
"7/18/22, 5:45:00 AM CDT",0.9,0,0,4.025903,3.125903
"7/18/22, 6:00:00 AM CDT",0.7866666,0,0,3.627463,2.87413
"7/18/22, 6:15:00 AM CDT",0.4,0.2333333,0,2.033703,1.666777
"7/18/22, 6:30:00 AM CDT",-0.85,1.5,0,0.9960996,1.809433
"7/18/22, 6:45:00 AM CDT",-1.866667,2.466667,0,-0.0055339,1.86377
"7/18/22, 7:00:00 AM CDT",-2.133333,2.766667,0,-0.2185885,1.914745
"7/18/22, 7:15:00 AM CDT",-5.213334,6.056667,0,-2.963396,2.176604
"7/18/22, 7:30:00 AM CDT",-6.9,7.7,0,-4.025903,2.874097
"7/18/22, 7:45:00 AM CDT",-7.513333,8.733334,0,-5.752475,1.793931
"7/18/22, 8:00:00 AM CDT",-8.616667,9.553333,0,-6.682168,1.864499
"7/18/22, 8:15:00 AM CDT",-13.12,14.08,0,-10.53375,2.63387
"7/18/22, 8:30:00 AM CDT",-18.77333,20.14667,0,-16.26133,2.677383
"7/18/22, 8:45:00 AM CDT",-21.23333,22.56333,0,-18.58833,2.842927
"7/18/22, 9:00:00 AM CDT",-21.56333,22.78333,0,-18.70454,2.855073
"7/18/22, 9:15:00 AM CDT",-40.07333,41.63667,0,-37.15728,3.26046
"7/18/22, 9:30:00 AM CDT",-30,31.93,0,-27.53109,1.735906
"7/18/22, 9:45:00 AM CDT",-51.69667,54.85333,0,-49.58916,2.457071
"7/18/22, 10:00:00 AM CDT",-56.01333,59.16333,0,-53.95539,2.518801
"7/18/22, 10:15:00 AM CDT",-52.19333,55.19333,0,-49.03577,3.966179
"7/18/22, 10:30:00 AM CDT",-51.31,54.22334,0,-45.98936,4.523791
"7/18/22, 10:45:00 AM CDT",-69.52333,73.28,0,-64.61366,4.755774
"7/18/22, 11:00:00 AM CDT",-67.80333,71.21333,0,-60.44941,6.263152
"7/18/22, 11:15:00 AM CDT",-53.37,58.75333,0,-50.48288,0.531818
"7/18/22, 11:30:00 AM CDT",-72.13667,76.08334,0,-67.78458,3.908581
"7/18/22, 11:45:00 AM CDT",-46.20667,49.26,0,-41.22469,3.696223
"7/18/22, 12:00:00 PM CDT",-70.32667,74.30666,0,-65.83112,4.65036
"7/18/22, 12:15:00 PM CDT",-56.13667,58.36667,0,-52.19009,4.322487
"7/18/22, 12:30:00 PM CDT",-66.55666,69.20333,0,-62.15108,5.277636
"7/18/22, 12:45:00 PM CDT",-23.25667,24.68333,0,-17.90212,4.930003
"7/18/22, 1:00:00 PM CDT",-27.21667,31.49,0,-23.9645,5.30489
"7/18/22, 1:15:00 PM CDT",-80.04,85.1,0,-75.04504,6.578974
"7/18/22, 1:30:00 PM CDT",-36.29333,38.43667,0,-30.41424,5.241749
"7/18/22, 1:45:00 PM CDT",-18.84,20.43333,0,-14.2968,5.15973
"7/18/22, 2:00:00 PM CDT",-61,63.93666,0,-55.12581,5.756964
"7/18/22, 2:15:00 PM CDT",-34.50666,38.69,0,-31.77558,4.453641
"7/18/22, 2:30:00 PM CDT",-45.84667,48.09333,0,-40.79858,3.991949
"7/18/22, 2:45:00 PM CDT",-58.50333,60.45,0,-53.78938,2.782804
"7/18/22, 3:00:00 PM CDT",-72.15334,76.18333,0,-67.39444,5.202489
"7/18/22, 3:15:00 PM CDT",-93.37,45.7,-51.72334,-86.7326,6.047263
"7/18/22, 3:30:00 PM CDT",-94.95,43.95,-56.18,-91.46408,4.949996
"7/18/22, 3:45:00 PM CDT",-94.82667,59.60333,-40.33,-91.56646,4.46514
"7/18/22, 4:00:00 PM CDT",-93.6,42.32,-57.57333,-89.82052,4.051342
"7/18/22, 4:15:00 PM CDT",-94.63333,18.29,-80.99667,-93.56973,1.64218
"7/18/22, 4:30:00 PM CDT",-96.1,16.17667,-84.03667,-92.18072,3.919284
"7/18/22, 4:45:00 PM CDT",-95.72334,46.40667,-54.72667,-90.69764,4.753755
"7/18/22, 5:00:00 PM CDT",-95.42667,27.42333,-73.73333,-91.03243,3.522197
"7/18/22, 5:15:00 PM CDT",-95.84,35.7,-65.08334,-91.73524,3.908176
"7/18/22, 5:30:00 PM CDT",-95.22334,28.56,-71.41333,-91.46685,3.792977
"7/18/22, 5:45:00 PM CDT",-95.28,31.38667,-68.69667,-91.35893,3.998036
"7/18/22, 6:00:00 PM CDT",-94.71333,21.95667,-77.44667,-90.55929,4.632565
"7/18/22, 6:15:00 PM CDT",-88.49,10.56333,-82.33667,-85.18865,3.710559
"7/18/22, 6:30:00 PM CDT",-36.21,7.383334,-30.64,-32.77444,3.221869
"7/18/22, 6:45:00 PM CDT",-11.16,3.7,-8.683333,-8.015835,3.168965
"7/18/22, 7:00:00 PM CDT",-5.613334,4.166667,-2.16,-3.494649,2.161367
"7/18/22, 7:15:00 PM CDT",-2.293333,3.066667,0,0.1743174,2.430984
"7/18/22, 7:30:00 PM CDT",-3.7,4.466667,0,-1.90089,1.832183
"7/18/22, 7:45:00 PM CDT",-2.733333,3.533333,0,0.2102877,2.910288
"7/18/22, 8:00:00 PM CDT",-1.11,1.82,0,1.593759,2.722803
"7/18/22, 8:15:00 PM CDT",0.7,0,0,3.029803,2.329803
"7/18/22, 8:30:00 PM CDT",0.7,0,0,3.029803,2.329803
"7/18/22, 8:45:00 PM CDT",0.7,0,0,3.029803,2.329803
"7/18/22, 9:00:00 PM CDT",0.7,0,0,3.029803,2.329803
"7/18/22, 9:15:00 PM CDT",0.7,0,0,3.029803,2.329803
"7/18/22, 9:30:00 PM CDT",0.7,0,0,3.29543,2.69504
"7/18/22, 9:45:00 PM CDT",0.7,0,0,3.029803,2.329803
"7/18/22, 10:00:00 PM CDT",0.7,0,0,3.029803,2.329803
"7/18/22, 10:15:00 PM CDT",0.7,0,0,3.029803,2.329803
"7/18/22, 10:30:00 PM CDT",0.7,0,0,3.029803,2.329803
"7/18/22, 10:45:00 PM CDT",0.7,0,0,3.029803,2.329803
"7/18/22, 11:00:00 PM CDT",0.7,0,0,3.029803,2.329803
"7/18/22, 11:15:00 PM CDT",0.7,0,0,3.029803,2.329803
"7/18/22, 11:30:00 PM CDT",0.7,0,0,3.029803,2.329803
"7/18/22, 11:45:00 PM CDT",0.7,0,0,3.029803,2.329803
"7/19/22, 12:00:00 AM CDT",0.7,0,0,3.029803,2.329803
"7/19/22, 12:15:00 AM CDT",0.7,0,0,3.029803,2.329803
"7/19/22, 12:30:00 AM CDT",0.7,0,0,3.029803,2.329803
"7/19/22, 12:45:00 AM CDT",0.7,0,0,3.029803,2.329803
"7/19/22, 1:00:00 AM CDT",0.7,0,0,3.029803,2.329803
"7/19/22, 1:15:00 AM CDT",0.99,0,0,3.029803,2.029803
"7/19/22, 1:30:00 AM CDT",1,0,0,3.029803,2.029803
"7/19/22, 1:45:00 AM CDT",1,0,0,3.029803,2.029803
"7/19/22, 2:00:00 AM CDT",1,0,0,3.029803,2.029803
"7/19/22, 2:15:00 AM CDT",1,0,0,3.029803,2.029803
"7/19/22, 2:30:00 AM CDT",1,0,0,3.029803,2.029803
"7/19/22, 2:45:00 AM CDT",1,0,0,3.029803,2.029803
"7/19/22, 3:00:00 AM CDT",1,0,0,3.029803,2.029803
"7/19/22, 3:15:00 AM CDT",1,0,0,3.029803,2.029803
"7/19/22, 3:30:00 AM CDT",1,0,0,3.029803,2.029803
"7/19/22, 3:45:00 AM CDT",1,0,0,3.029803,2.029803
"7/19/22, 4:00:00 AM CDT",1,0,0,3.029803,2.029803
"7/19/22, 4:15:00 AM CDT",1,0,0,3.029803,2.029803
"7/19/22, 4:30:00 AM CDT",1,0,0,3.029803,2.029803
"7/19/22, 4:45:00 AM CDT",1,0,0,3.029803,2.029803
"7/19/22, 5:00:00 AM CDT",1,0,0,3.029803,2.029803
"7/19/22, 5:15:00 AM CDT",1,0,0,3.029803,2.029803
"7/19/22, 5:30:00 AM CDT",1,0,0,3.029803,2.029803
"7/19/22, 5:45:00 AM CDT",1,0,0,3.029803,2.029803
"7/19/22, 6:00:00 AM CDT",1,0,0,3.029803,2.029803
"7/19/22, 6:15:00 AM CDT",0.2,0.4666667,0,1.834484,1.667817
"7/19/22, 6:30:00 AM CDT",-0.6666667,1.366667,0,0.8937227,1.524419
"7/19/22, 6:45:00 AM CDT",-1.6,2.4,0,-0.0415041,1.591829
"7/19/22, 7:00:00 AM CDT",-3.366667,4.166667,0,-1.30323,1.99703
"7/19/22, 7:15:00 AM CDT",-6.033333,6.9,0,-4.158716,1.941284
"7/19/22, 7:30:00 AM CDT",-9.366667,10.26667,0,-7.147015,2.186579
"7/19/22, 7:45:00 AM CDT",-12.9,13.86,0,-10.40094,2.39958
"7/19/22, 8:00:00 AM CDT",-17.03333,18.16667,0,-14.59009,2.443501
"7/19/22, 8:15:00 AM CDT",-21.52667,22.86667,0,-19.11681,2.377042
"7/19/22, 8:30:00 AM CDT",-26.2,27.80667,0,-23.76528,2.401911
"7/19/22, 8:45:00 AM CDT",-30.73333,32.53333,0,-27.07454,3.656416
"7/19/22, 9:00:00 AM CDT",-35.06334,36.93333,0,-31.0202,3.976725
"7/19/22, 9:15:00 AM CDT",-39.35333,41.56667,0,-35.27023,4.086699
"7/19/22, 9:30:00 AM CDT",-43.95333,46.47667,0,-41.16105,2.763499
"7/19/22, 9:45:00 AM CDT",-48.38,51.09333,0,-44.84108,2.388889
"7/19/22, 10:00:00 AM CDT",-53.54667,56.41,0,-50.15361,2.577675
"7/19/22, 10:15:00 AM CDT",-54.17,57.31667,0,-52.0462,3.154093
"7/19/22, 10:30:00 AM CDT",-61.92667,65.36,0,-58.0145,3.908572
"7/19/22, 10:45:00 AM CDT",-67.45,70.93333,0,-63.65076,3.767889
"7/19/22, 11:00:00 AM CDT",-55.42667,58.42,0,-50.992,2.514444
"7/19/22, 11:15:00 AM CDT",-56.54667,59.43,0,-55.60726,7.083376
"7/19/22, 11:30:00 AM CDT",-74.36666,78.46333,0,-70.38274,3.884446
"7/19/22, 11:45:00 AM CDT",-74.18,78.4,0,-70.38274,3.793667
"7/19/22, 12:00:00 PM CDT",-75.44,79.83333,0,-70.9804,4.326789
"7/19/22, 12:15:00 PM CDT",-77.46667,81.97333,0,-72.37494,5.158136
"7/19/22, 12:30:00 PM CDT",-78.90666,83.43333,0,-73.17181,5.73485
"7/19/22, 12:45:00 PM CDT",-79.40333,83.91666,0,-74.10151,5.291562
"7/19/22, 1:00:00 PM CDT",-82.90667,87.8,0,-77.43291,5.543239
"7/19/22, 1:15:00 PM CDT",-58.84333,62.29,0,-53.3439,5.847009
"7/19/22, 1:30:00 PM CDT",-69.91,73.76334,0,-64.88206,5.426812
"7/19/22, 1:45:00 PM CDT",-71.60667,75,0,-67.94229,3.968828
"7/19/22, 2:00:00 PM CDT",-63.69333,66.93667,0,-60.01223,5.69548
"7/19/22, 2:15:00 PM CDT",-84.65,89.50667,0,-80.61489,3.939396
"7/19/22, 2:30:00 PM CDT",-63.13334,66.63,0,-60.84232,3.60979
"7/19/22, 2:45:00 PM CDT",-65.63,70.86667,0,-61.59492,3.503338
"7/19/22, 3:00:00 PM CDT",-57.25667,60.50333,0,-54.25146,4.910471
"7/19/22, 3:15:00 PM CDT",-75.03333,79.17,0,-70.84758,3.933224
"7/19/22, 3:30:00 PM CDT",-69.48333,73.43667,0,-65.39671,3.845206
"7/19/22, 3:45:00 PM CDT",-66.35667,69.94334,0,-63.83339,3.246967
"7/19/22, 4:00:00 PM CDT",-60.67,63.89667,0,-57.23146,3.062342
"7/19/22, 4:15:00 PM CDT",-56.83334,59.80667,0,-54.0301,2.423454
"7/19/22, 4:30:00 PM CDT",-54.35,57.19333,0,-52.25373,2.918019
"7/19/22, 4:45:00 PM CDT",-55.13667,57.91,0,-52.38377,2.471428
"7/19/22, 5:00:00 PM CDT",-48.88667,51.39667,0,-45.51345,3.363086
"7/19/22, 5:15:00 PM CDT",-42.09,44.25333,0,-38.41348,3.581077
"7/19/22, 5:30:00 PM CDT",-32.15333,33.83,0,-28.37224,3.781356
"7/19/22, 5:45:00 PM CDT",-27.50333,29.00333,0,-23.86489,3.632821
"7/19/22, 6:00:00 PM CDT",-17.59333,18.75667,0,-14.87509,2.455739
"7/19/22, 6:15:00 PM CDT",-18.36667,19.74667,0,-15.92929,2.50404
"7/19/22, 6:30:00 PM CDT",-17.89667,19.03667,0,-15.07154,2.680242
"7/19/22, 6:45:00 PM CDT",-11.20333,12.13,0,-8.939994,2.319876
"7/19/22, 7:00:00 PM CDT",-8.766666,9.633333,0,-6.748575,2.018092
"7/19/22, 7:15:00 PM CDT",-5.766667,6.733333,0,-4.092309,1.674617
"7/19/22, 7:30:00 PM CDT",-3.566667,4.333333,0,-0.5201854,3.082452
"7/19/22, 7:45:00 PM CDT",-1.533333,2.4,0,0.5340201,2.067353
"7/19/22, 8:00:00 PM CDT",-0.2866667,1.133333,0,1.50245,1.82245
"7/19/22, 8:15:00 PM CDT",0.7,0,0,3.029803,2.329803
"7/19/22, 8:30:00 PM CDT",0.7,0,0,3.029803,2.329803
"7/19/22, 8:45:00 PM CDT",0.7,0,0,3.029803,2.329803
"7/19/22, 9:00:00 PM CDT",0.7,0,0,3.029803,2.329803
"7/19/22, 9:15:00 PM CDT",0.7,0,0,3.029803,2.329803
"7/19/22, 9:30:00 PM CDT",0.7,0,0,3.029803,2.329803
"7/19/22, 9:45:00 PM CDT",0.7,0,0,3.029803,2.329803
"7/19/22, 10:00:00 PM CDT",0.7,0,0,3.029803,2.329803
"7/19/22, 10:15:00 PM CDT",0.7,0,0,3.029803,2.329803
"7/19/22, 10:30:00 PM CDT",0.7,0,0,3.029803,2.329803
"7/19/22, 10:45:00 PM CDT",0.7,0,0,3.029803,2.329803
"7/19/22, 11:00:00 PM CDT",0.7,0,0,3.029803,2.329803
"7/19/22, 11:15:00 PM CDT",0.7,0,0,3.029803,2.329803
"7/19/22, 11:30:00 PM CDT",0.7,0,0,3.029803,2.329803
"7/19/22, 11:45:00 PM CDT",0.7,0,0,3.029803,2.329803
"7/20/22, 12:00:00 AM CDT",0.7,0,0,3.029803,2.329803
"7/20/22, 12:15:00 AM CDT",0.7,0,0,3.029803,2.329803
"7/20/22, 12:30:00 AM CDT",0.7,0,0,3.029803,2.329803
"7/20/22, 12:45:00 AM CDT",0.7,0,0,3.029803,2.329803
"7/20/22, 1:00:00 AM CDT",0.7,0,0,3.029803,2.329803
"7/20/22, 1:15:00 AM CDT",0.7,0,0,4.025903,3.292699
"7/20/22, 1:30:00 AM CDT",0.7,0,0,4.025903,3.325903
"7/20/22, 1:45:00 AM CDT",0.7,0,0,4.025903,3.325903
"7/20/22, 2:00:00 AM CDT",0.7,0,0,4.025903,3.325903
"7/20/22, 2:15:00 AM CDT",0.7,0,0,4.025903,3.325903
"7/20/22, 2:30:00 AM CDT",0.7,0,0,4.025903,3.325903
"7/20/22, 2:45:00 AM CDT",0.7,0,0,4.025903,3.325903
"7/20/22, 3:00:00 AM CDT",0.7,0,0,4.025903,3.325903
"7/20/22, 3:15:00 AM CDT",0.7,0,0,4.025903,3.325903
"7/20/22, 3:30:00 AM CDT",0.7,0,0,4.025903,3.325903
"7/20/22, 3:45:00 AM CDT",0.7,0,0,4.025903,3.325903
"7/20/22, 4:00:00 AM CDT",0.7,0,0,4.025903,3.325903
"7/20/22, 4:15:00 AM CDT",0.7,0,0,4.025903,3.325903
"7/20/22, 4:30:00 AM CDT",0.7,0,0,4.025903,3.325903
"7/20/22, 4:45:00 AM CDT",0.7,0,0,4.025903,3.325903
"7/20/22, 5:00:00 AM CDT",0.7,0,0,4.025903,3.325903
"7/20/22, 5:15:00 AM CDT",0.7,0,0,4.025903,3.325903
"7/20/22, 5:30:00 AM CDT",0.7,0,0,4.025903,3.325903
"7/20/22, 5:45:00 AM CDT",0.7,0,0,4.025903,3.325903
"7/20/22, 6:00:00 AM CDT",0.7,0,0,3.428243,2.661836
"7/20/22, 6:15:00 AM CDT",0.4,0.1333333,0,2.49855,2.164957
"7/20/22, 6:30:00 AM CDT",-0.63,1.366667,0,1.626963,2.256963
"7/20/22, 6:45:00 AM CDT",-1.9,2.8,0,-0.2877621,1.645441
"7/20/22, 7:00:00 AM CDT",-3.92,4.733333,0,-2.033703,1.882703
"7/20/22, 7:15:00 AM CDT",-6.44,7.333333,0,-4.158716,2.347691
"7/20/22, 7:30:00 AM CDT",-9.876667,10.86667,0,-7.213422,2.696318
"7/20/22, 7:45:00 AM CDT",-14.02333,15.14667,0,-11.13971,2.983359
"7/20/22, 8:00:00 AM CDT",-15.34,16.32333,0,-12.46508,2.882933
"7/20/22, 8:15:00 AM CDT",-19.3,20.49667,0,-16.25026,2.919175
"7/20/22, 8:30:00 AM CDT",-24.92333,26.4,0,-22.43714,2.452597
"7/20/22, 8:45:00 AM CDT",-29.5,31.36667,0,-26.87532,2.726927
"7/20/22, 9:00:00 AM CDT",-33.62667,35.50667,0,-30.6854,2.565425
"7/20/22, 9:15:00 AM CDT",-37.83,39.86667,0,-35.27023,2.58592
"7/20/22, 9:30:00 AM CDT",-42.64,44.9,0,-40.34203,2.29104
"7/20/22, 9:45:00 AM CDT",-47.77667,50.3,0,-45.0486,2.757542
"7/20/22, 10:00:00 AM CDT",-53.52,56.48333,0,-50.14255,3.126933
"7/20/22, 10:15:00 AM CDT",-52.36333,55.8,0,-48.18909,2.94876
"7/20/22, 10:30:00 AM CDT",-59.44333,62.57666,0,-56.0223,3.394623
"7/20/22, 10:45:00 AM CDT",-62,65.1,0,-57.9481,4.151383
"7/20/22, 11:00:00 AM CDT",-64.4,67.86667,0,-60.53796,3.795377
"7/20/22, 11:15:00 AM CDT",-66.43333,69.8,0,-62.26453,4.235211
"7/20/22, 11:30:00 AM CDT",-68.36667,72.1,0,-64.53895,3.794381
"7/20/22, 11:45:00 AM CDT",-69.97334,73.96667,0,-66.65843,4.633413
"7/20/22, 12:00:00 PM CDT",-71.7,75.60001,0,-68.19132,3.508678
"7/20/22, 12:15:00 PM CDT",-72.5,76.3,0,-68.19132,4.308678
"7/20/22, 12:30:00 PM CDT",-72.97667,77.16667,0,-69.0546,3.988466
"7/20/22, 12:45:00 PM CDT",-74.18,78.35333,0,-70.18352,3.929814
"7/20/22, 1:00:00 PM CDT",-71.97334,76.70333,0,-70.74244,-0.8802091
"7/20/22, 1:15:00 PM CDT",-70.86333,73.42667,0,-68.6617,1.806081
"7/20/22, 1:30:00 PM CDT",-70.57667,74.79,0,-62.68233,4.078515
"7/20/22, 1:45:00 PM CDT",-68.51334,72.36667,0,-68.32137,4.252153
"7/20/22, 2:00:00 PM CDT",-76.19666,80.39333,0,-72.17572,4.060299
"7/20/22, 2:15:00 PM CDT",-73.42,77.52334,0,-69.48348,4.106781
"7/20/22, 2:30:00 PM CDT",-72.69666,76.27333,0,-67.09837,4.563147
"7/20/22, 2:45:00 PM CDT",-54.59333,57.29333,0,-49.72474,5.782454
"7/20/22, 3:00:00 PM CDT",-55.43333,59.12,0,-53.3024,-0.0076428
"7/20/22, 3:15:00 PM CDT",-64.06333,60.23333,-6.916667,-60.88105,3.773469
"7/20/22, 3:30:00 PM CDT",-62.56333,66.65,0,-59.06041,2.55745
"7/20/22, 3:45:00 PM CDT",-61.09333,63.93667,0,-56.6753,4.776044
"7/20/22, 4:00:00 PM CDT",-58.93,61.61,0,-54.95703,4.028691
"7/20/22, 4:15:00 PM CDT",-56.67,59.60667,0,-52.80711,3.777872
"7/20/22, 4:30:00 PM CDT",-44.97334,47.31334,0,-42.04924,3.467179
"7/20/22, 4:45:00 PM CDT",-48.36,50.95,0,-44.58376,3.842908
"7/20/22, 5:00:00 PM CDT",-41.24333,43.31333,0,-37.42291,3.604964
"7/20/22, 5:15:00 PM CDT",-19.86667,21.14,0,-16.16448,4.173363
"7/20/22, 5:30:00 PM CDT",-16.30667,17.34667,0,-12.60619,3.511809
"7/20/22, 5:45:00 PM CDT",-26.23333,27.8,0,-22.55612,3.681064
"7/20/22, 6:00:00 PM CDT",-18.88,20.10333,0,-15.11028,3.734011
"7/20/22, 6:15:00 PM CDT",-14.87333,15.80667,0,-10.93219,3.834603
"7/20/22, 6:30:00 PM CDT",-10.36667,11.33667,0,-6.449745,3.913718
"7/20/22, 6:45:00 PM CDT",-10.27333,11.15,0,-7.545455,2.724416
"7/20/22, 7:00:00 PM CDT",-11.63667,12.55,0,-9.006401,2.461046
"7/20/22, 7:15:00 PM CDT",-8.333333,9.066667,0,-6.814981,1.551685
"7/20/22, 7:30:00 PM CDT",-4.733333,5.556667,0,-3.162616,1.60405
"7/20/22, 7:45:00 PM CDT",-3.533333,4.273334,0,-1.137214,2.39612
"7/20/22, 8:00:00 PM CDT",-1.5,2.036667,0,1.037604,2.537604
"7/20/22, 8:15:00 PM CDT",-0.2933334,1,0,1.768077,2.094743
"7/20/22, 8:30:00 PM CDT",0.7,0,0,3.029803,2.329803
"7/20/22, 8:45:00 PM CDT",0.7,0,0,3.029803,2.329803
"7/20/22, 9:00:00 PM CDT",0.7,0,0,3.029803,2.329803
"7/20/22, 9:15:00 PM CDT",0.7,0,0,3.029803,2.329803
"7/20/22, 9:30:00 PM CDT",0.7,0,0,3.09621,2.462616
"7/20/22, 9:45:00 PM CDT",0.7,0,0,4.025903,3.325903
"7/20/22, 10:00:00 PM CDT",0.7,0,0,4.025903,3.325903
"7/20/22, 10:15:00 PM CDT",0.7,0,0,4.025903,3.325903
"7/20/22, 10:30:00 PM CDT",0.7,0,0,4.025903,3.325903
"7/20/22, 10:45:00 PM CDT",0.7,0,0,4.025903,3.325903
"7/20/22, 11:00:00 PM CDT",0.7,0,0,4.025903,3.325903
"7/20/22, 11:15:00 PM CDT",0.7,0,0,4.025903,3.325903
"7/20/22, 11:30:00 PM CDT",0.7,0,0,4.025903,3.325903
"7/20/22, 11:45:00 PM CDT",0.7,0,0,4.025903,3.325903
"7/21/22, 12:00:00 AM CDT",0.7,0,0,4.025903,3.325903
"7/21/22, 12:15:00 AM CDT",0.7,0,0,4.025903,3.325903
"7/21/22, 12:30:00 AM CDT",0.7,0,0,4.025903,3.325903
"7/21/22, 12:45:00 AM CDT",0.7,0,0,4.025903,3.325903
"7/21/22, 1:00:00 AM CDT",0.7,0,0,4.025903,3.325903
"7/21/22, 1:15:00 AM CDT",0.7,0,0,4.025903,3.325903
"7/21/22, 1:30:00 AM CDT",0.7,0,0,4.025903,3.325903
"7/21/22, 1:45:00 AM CDT",0.7,0,0,4.025903,3.325903
"7/21/22, 2:00:00 AM CDT",0.7,0,0,4.025903,3.325903
"7/21/22, 2:15:00 AM CDT",0.7,0,0,4.025903,3.325903
"7/21/22, 2:30:00 AM CDT",0.7,0,0,4.025903,3.325903
"7/21/22, 2:45:00 AM CDT",0.7,0,0,4.025903,3.325903
"7/21/22, 3:00:00 AM CDT",0.7,0,0,4.025903,3.325903
"7/21/22, 3:15:00 AM CDT",0.7,0,0,4.025903,3.325903
"7/21/22, 3:30:00 AM CDT",0.7,0,0,4.025903,3.325903
"7/21/22, 3:45:00 AM CDT",0.7,0,0,4.025903,3.325903
"7/21/22, 4:00:00 AM CDT",0.7,0,0,4.025903,3.325903
"7/21/22, 4:15:00 AM CDT",0.7,0,0,4.025903,3.325903
"7/21/22, 4:30:00 AM CDT",0.7,0,0,4.025903,3.325903
"7/21/22, 4:45:00 AM CDT",0.7,0,0,4.025903,3.325903
"7/21/22, 5:00:00 AM CDT",0.7,0,0,4.025903,3.325903
"7/21/22, 5:15:00 AM CDT",0.7,0,0,4.025903,3.325903
"7/21/22, 5:30:00 AM CDT",0.7,0,0,4.025903,3.325903
"7/21/22, 5:45:00 AM CDT",0.7,0,0,4.025903,3.325903
"7/21/22, 6:00:00 AM CDT",0.7,0,0,2.764176,2.064176
"7/21/22, 6:15:00 AM CDT",0.16,0.5,0,2.033703,1.873703
"7/21/22, 6:30:00 AM CDT",-1.13,1.7,0,0.6502317,1.849405
"7/21/22, 6:45:00 AM CDT",-2.533333,3.266667,0,-0.3735374,2.192869
"7/21/22, 7:00:00 AM CDT",-3.966667,4.666667,0,-2.033703,1.99963
"7/21/22, 7:15:00 AM CDT",-6.033333,7,0,-3.959496,2.007431
"7/21/22, 7:30:00 AM CDT",-9.27,10.23333,0,-7.080608,2.222726
"7/21/22, 7:45:00 AM CDT",-12.56667,13.63333,0,-10.13531,2.39828
"7/21/22, 8:00:00 AM CDT",-16.19667,17.39333,0,-13.44458,2.753176
"7/21/22, 8:15:00 AM CDT",-20.46667,21.89,0,-17.19102,3.309241
"7/21/22, 8:30:00 AM CDT",-25.26667,26.72333,0,-21.77308,3.39411
"7/21/22, 8:45:00 AM CDT",-29.58333,31.31333,0,-26.06184,3.485783
"7/21/22, 9:00:00 AM CDT",-33.51333,35.38667,0,-31.08661,2.363911
"7/21/22, 9:15:00 AM CDT",-38.27333,40.48,0,-35.60226,2.777741
"7/21/22, 9:30:00 AM CDT",-42.40667,44.85,0,-40.50528,1.905412
"7/21/22, 9:45:00 AM CDT",-48.00333,50.47334,0,-45.51345,2.599883
"7/21/22, 10:00:00 AM CDT",-52.01333,54.91333,0,-48.36893,3.744398
"7/21/22, 10:15:00 AM CDT",-55.42,58.21333,0,-51.35447,3.996488
"7/21/22, 10:30:00 AM CDT",-59.59,63.03333,0,-55.69027,3.866657
"7/21/22, 10:45:00 AM CDT",-62.66667,65.75333,0,-58.81138,3.755806
"7/21/22, 11:00:00 AM CDT",-65.94334,69.68333,0,-62.26453,3.715476
"7/21/22, 11:15:00 AM CDT",-69.04667,72.66667,0,-64.93462,4.056329
"7/21/22, 11:30:00 AM CDT",-70.15,73.98666,0,-66.22402,3.860265
"7/21/22, 11:45:00 AM CDT",-71.55334,75.36667,0,-67.9921,3.561491
"7/21/22, 12:00:00 PM CDT",-73.31333,77.47,0,-69.0546,4.278465
"7/21/22, 12:15:00 PM CDT",-73.15334,76.93667,0,-68.25773,4.88894
"7/21/22, 12:30:00 PM CDT",-75.72667,80.09333,0,-71.64446,4.062462
"7/21/22, 12:45:00 PM CDT",-76.03333,80.23,0,-72.17572,3.790946
"7/21/22, 1:00:00 PM CDT",-77.3,81.56667,0,-73.57026,3.69667
"7/21/22, 1:15:00 PM CDT",-77.74333,82.13334,0,-74.16792,3.575419
"7/21/22, 1:30:00 PM CDT",-77.9,82.2,0,-74.16792,3.732086
"7/21/22, 1:45:00 PM CDT",-76.93333,81.3,0,-72.90619,4.060216
"7/21/22, 2:00:00 PM CDT",-76.38667,80.66667,0,-72.77338,3.679697
"7/21/22, 2:15:00 PM CDT",-75.03333,79.4,0,-71.84369,3.222723
"7/21/22, 2:30:00 PM CDT",-74.16667,77.93333,0,-70.18352,3.949819
"7/21/22, 2:45:00 PM CDT",-72.7,76.53333,0,-68.25773,4.475348
"7/21/22, 3:00:00 PM CDT",-70.83334,74.8,0,-67.45531,3.377762
"7/21/22, 3:15:00 PM CDT",-69.13334,72.63333,0,-65.15598,4.013326
"7/21/22, 3:30:00 PM CDT",-66.40667,70.04,0,-62.46375,3.935994
"7/21/22, 3:45:00 PM CDT",-63.95,67.33334,0,-60.13951,3.77356
"7/21/22, 4:00:00 PM CDT",-60.27,63.5,0,-56.68637,3.649779
"7/21/22, 4:15:00 PM CDT",-57.33334,60.43333,0,-53.53205,3.803658
"7/21/22, 4:30:00 PM CDT",-53.5,56.33333,0,-49.89629,3.669859
"7/21/22, 4:45:00 PM CDT",-49.7,52.36666,0,-45.9783,3.655037
"7/21/22, 5:00:00 PM CDT",-45.42667,47.90667,0,-42.91806,2.437912
"7/21/22, 5:15:00 PM CDT",-38.78667,40.93667,0,-36.46555,2.337007
"7/21/22, 5:30:00 PM CDT",-29.81,31.49667,0,-27.29866,2.370641
"7/21/22, 5:45:00 PM CDT",-23.77,25.19,0,-20.84338,2.996355
"7/21/22, 6:00:00 PM CDT",-19.47333,20.73333,0,-15.85735,3.748097
"7/21/22, 6:15:00 PM CDT",-15.9,17.04,0,-12.19392,3.772487
"7/21/22, 6:30:00 PM CDT",-13.4,14.36667,0,-9.936094,3.496979
"7/21/22, 6:45:00 PM CDT",-10.36667,11.36667,0,-7.213422,3.152985
"7/21/22, 7:00:00 PM CDT",-7.88,8.833333,0,-6.084508,1.725491
"7/21/22, 7:15:00 PM CDT",-5.466667,6.3,0,-3.561056,1.838944
"7/21/22, 7:30:00 PM CDT",-3.146667,4.12,0,-1.668467,1.544476
"7/21/22, 7:45:00 PM CDT",-1.433333,2.196667,0,0.7858119,2.215116
"7/21/22, 8:00:00 PM CDT",0.0233333,0.45,0,2.432143,2.511883
"7/21/22, 8:15:00 PM CDT",0.8,0,0,3.029803,2.229803
"7/21/22, 8:30:00 PM CDT",0.8,0,0,3.029803,2.229803
"7/21/22, 8:45:00 PM CDT",0.8,0,0,3.029803,2.229803
"7/21/22, 9:00:00 PM CDT",0.8,0,0,3.029803,2.229803
"7/21/22, 9:15:00 PM CDT",0.8,0,0,3.029803,2.229803
"7/21/22, 9:30:00 PM CDT",0.8,0,0,3.029803,2.229803
"7/21/22, 9:45:00 PM CDT",0.8,0,0,3.029803,2.229803
"7/21/22, 10:00:00 PM CDT",0.8,0,0,3.029803,2.229803
"7/21/22, 10:15:00 PM CDT",0.8,0,0,3.029803,2.229803
"7/21/22, 10:30:00 PM CDT",0.8,0,0,3.029803,2.229803
"7/21/22, 10:45:00 PM CDT",0.8,0,0,3.029803,2.229803
"7/21/22, 11:00:00 PM CDT",0.8,0,0,3.029803,2.229803
"7/21/22, 11:15:00 PM CDT",0.8,0,0,3.029803,2.229803
"7/21/22, 11:30:00 PM CDT",0.8,0,0,3.029803,2.229803
"7/21/22, 11:45:00 PM CDT",0.8,0,0,3.029803,2.229803
"7/22/22, 12:00:00 AM CDT",0.8,0,0,3.029803,2.229803
"7/22/22, 12:15:00 AM CDT",0.8,0,0,3.029803,2.229803
"7/22/22, 12:30:00 AM CDT",0.8,0,0,3.029803,2.229803
"7/22/22, 12:45:00 AM CDT",0.8,0,0,3.029803,2.229803
"7/22/22, 1:00:00 AM CDT",0.8,0,0,3.029803,2.229803
"7/22/22, 1:15:00 AM CDT",0.8,0,0,3.029803,2.229803
"7/22/22, 1:30:00 AM CDT",0.8,0,0,3.029803,2.229803
"7/22/22, 1:45:00 AM CDT",0.8,0,0,3.029803,2.229803
"7/22/22, 2:00:00 AM CDT",0.8,0,0,3.029803,2.229803
"7/22/22, 2:15:00 AM CDT",0.8,0,0,3.029803,2.229803
"7/22/22, 2:30:00 AM CDT",0.8,0,0,3.029803,2.229803
"7/22/22, 2:45:00 AM CDT",0.8,0,0,3.029803,2.229803
"7/22/22, 3:00:00 AM CDT",0.8,0,0,3.029803,2.229803
"7/22/22, 3:15:00 AM CDT",0.8,0,0,3.029803,2.229803
"7/22/22, 3:30:00 AM CDT",0.8,0,0,3.029803,2.229803
"7/22/22, 3:45:00 AM CDT",0.8,0,0,3.029803,2.229803
"7/22/22, 4:00:00 AM CDT",0.8,0,0,3.029803,2.229803
"7/22/22, 4:15:00 AM CDT",0.8,0,0,3.029803,2.229803
"7/22/22, 4:30:00 AM CDT",0.8,0,0,3.029803,2.229803
"7/22/22, 4:45:00 AM CDT",0.8,0,0,3.029803,2.229803
"7/22/22, 5:00:00 AM CDT",0.8,0,0,3.029803,2.229803
"7/22/22, 5:15:00 AM CDT",0.8,0,0,3.029803,2.229803
"7/22/22, 5:30:00 AM CDT",0.8,0,0,3.029803,2.229803
"7/22/22, 5:45:00 AM CDT",0.8,0,0,3.029803,2.229803
"7/22/22, 6:00:00 AM CDT",0.8,0,0,3.029803,2.229803
"7/22/22, 6:15:00 AM CDT",0.3333333,0.3666667,0,2.564956,2.19829
"7/22/22, 6:30:00 AM CDT",-0.7,1.4,0,0.7498416,1.416508
"7/22/22, 6:45:00 AM CDT",-1.766667,2.5,0,-0.0415041,1.691829
"7/22/22, 7:00:00 AM CDT",-3.436667,4.2,0,-1.50245,1.963956
"7/22/22, 7:15:00 AM CDT",-5.79,6.633333,0,-3.826683,1.929984
"7/22/22, 7:30:00 AM CDT",-8.67,9.6,0,-6.814981,1.821685
"7/22/22, 7:45:00 AM CDT",-11.85667,12.81,0,-9.139214,2.677193
"7/22/22, 8:00:00 AM CDT",-16.48,17.64333,0,-12.83862,3.44805
"7/22/22, 8:15:00 AM CDT",-21.20333,22.5,0,-17.72227,3.444133
"7/22/22, 8:30:00 AM CDT",-22.74,24.30333,0,-19.14171,3.327859
"7/22/22, 8:45:00 AM CDT",-30.52667,32.08,0,-27.88249,2.506694
"7/22/22, 9:00:00 AM CDT",-29.54667,31.28667,0,-27.73584,1.849219
"7/22/22, 9:15:00 AM CDT",-37.17,39.44,0,-34.90499,2.218213
"7/22/22, 9:30:00 AM CDT",-41.76667,43.93333,0,-39.43448,2.26193
"7/22/22, 9:45:00 AM CDT",-46.75666,49.31667,0,-43.32203,3.4013
"7/22/22, 10:00:00 AM CDT",-51.56333,54.3,0,-47.77128,3.722057
"7/22/22, 10:15:00 AM CDT",-54.7,57.6,0,-51.10268,3.633034
"7/22/22, 10:30:00 AM CDT",-58.00333,61.03667,0,-54.06054,3.956387
"7/22/22, 10:45:00 AM CDT",-57.39333,60.75,0,-53.50162,3.177761
"7/22/22, 11:00:00 AM CDT",-62.54,65.91,0,-58.60939,3.933681
"7/22/22, 11:15:00 AM CDT",-65.53333,69.00667,0,-61.60046,3.866211
"7/22/22, 11:30:00 AM CDT",-67.74667,71.3,0,-63.72547,4.020938
"7/22/22, 11:45:00 AM CDT",-69.97334,73.55333,0,-66.07738,3.960109
"7/22/22, 12:00:00 PM CDT",-71.66666,75.5,0,-68.19132,3.442011
"7/22/22, 12:15:00 PM CDT",-73.06667,77,0,-68.32413,4.742531
"7/22/22, 12:30:00 PM CDT",-73.5,77.43333,0,-70.18352,3.316483
"7/22/22, 12:45:00 PM CDT",-75.03333,79.16667,0,-71.31243,3.687568
"7/22/22, 1:00:00 PM CDT",-76.5,80.4,0,-72.17572,4.32428
"7/22/22, 1:15:00 PM CDT",-76.46667,80.4,0,-72.17572,4.290946
"7/22/22, 1:30:00 PM CDT",-75.5,80.4,0,-72.17572,3.32428
"7/22/22, 1:45:00 PM CDT",-75.5,80.4,0,-71.64447,3.72272
"7/22/22, 2:00:00 PM CDT",-75.5,79.9,0,-65.55165,9.912375
"7/22/22, 2:15:00 PM CDT",-74.06667,78.33334,0,-64.58876,9.477909
"7/22/22, 2:30:00 PM CDT",-72.2,76,0,-62.79578,9.437556
"7/22/22, 2:45:00 PM CDT",-71.3,75.24,0,-61.13561,10.16439
"7/22/22, 3:00:00 PM CDT",-69.53333,73.23333,0,-59.54185,9.925075
"7/22/22, 3:15:00 PM CDT",-67.73334,71.46667,0,-63.19422,4.539118
"7/22/22, 3:30:00 PM CDT",-65.05667,68.50666,0,-61.26843,3.891574
"7/22/22, 3:45:00 PM CDT",-61.8,65.02,0,-58.08091,3.686017
"7/22/22, 4:00:00 PM CDT",-58.71,61.80667,0,-55.15902,3.521243
"7/22/22, 4:15:00 PM CDT",-56.33334,59.26667,0,-52.22606,4.002135
"7/22/22, 4:30:00 PM CDT",-52.90667,55.73667,0,-48.83102,4.371797
"7/22/22, 4:45:00 PM CDT",-45.77333,47.9,0,-41.93856,3.481133
"7/22/22, 5:00:00 PM CDT",-45.34667,47.62,0,-41.54289,3.689155
"7/22/22, 5:15:00 PM CDT",-37.46333,39.58667,0,-34.0085,3.514833
"7/22/22, 5:30:00 PM CDT",-29.40667,31.08333,0,-25.71321,3.721782
"7/22/22, 5:45:00 PM CDT",-23.29,24.87667,0,-19.84728,3.449642
"7/22/22, 6:00:00 PM CDT",-19.6,20.93333,0,-15.9957,3.571486
"7/22/22, 6:15:00 PM CDT",-15.7,16.86333,0,-13.24813,2.529238
"7/22/22, 6:30:00 PM CDT",-12.07333,13.03667,0,-9.60406,2.482866
"7/22/22, 6:45:00 PM CDT",-8.073333,8.88,0,-6.018102,1.935491
"7/22/22, 7:00:00 PM CDT",-7.013333,7.746666,0,-5.354035,1.639558
"7/22/22, 7:15:00 PM CDT",-5.34,6.233333,0,-3.361836,1.948424
"7/22/22, 7:30:00 PM CDT",-2.753333,3.633333,0,0.0691736,2.823333
"7/22/22, 7:45:00 PM CDT",-0.2533333,0.95,0,2.266127,2.665737
"7/22/22, 8:00:00 PM CDT",0.4,0,0,2.033703,1.633703
"7/22/22, 8:15:00 PM CDT",0.4,0,0,2.033703,1.633703
"7/22/22, 8:30:00 PM CDT",0.4,0,0,2.033703,1.633703
"7/22/22, 8:45:00 PM CDT",0.4,0,0,2.033703,1.633703
"7/22/22, 9:00:00 PM CDT",0.4,0,0,2.89699,2.49699
"7/22/22, 9:15:00 PM CDT",0.4,0,0,4.025903,3.625903
"7/22/22, 9:30:00 PM CDT",0.4,0,0,4.025903,3.625903
"7/22/22, 9:45:00 PM CDT",0.4,0,0,4.025903,3.625903
"7/22/22, 10:00:00 PM CDT",0.4,0,0,4.025903,3.625903
"7/22/22, 10:15:00 PM CDT",0.4,0,0,4.025903,3.625903
"7/22/22, 10:30:00 PM CDT",0.4,0,0,4.025903,3.625903
"7/22/22, 10:45:00 PM CDT",0.4,0,0,4.025903,3.625903
"7/22/22, 11:00:00 PM CDT",0.4,0,0,4.025903,3.625903
"7/22/22, 11:15:00 PM CDT",0.4,0,0,4.025903,3.625903
"7/22/22, 11:30:00 PM CDT",0.4,0,0,4.025903,3.625903
"7/22/22, 11:45:00 PM CDT",0.4,0,0,4.025903,3.625903
"7/23/22, 12:00:00 AM CDT",0.4,0,0,4.025903,3.625903
"7/23/22, 12:15:00 AM CDT",0.4,0,0,4.025903,3.625903
"7/23/22, 12:30:00 AM CDT",0.4,0,0,4.025903,3.625903
"7/23/22, 12:45:00 AM CDT",0.4,0,0,4.025903,3.625903
"7/23/22, 1:00:00 AM CDT",0.4,0,0,4.025903,3.625903
"7/23/22, 1:15:00 AM CDT",0.4,0,0,4.025903,3.625903
"7/23/22, 1:30:00 AM CDT",0.4,0,0,4.025903,3.625903
"7/23/22, 1:45:00 AM CDT",0.4,0,0,4.025903,3.625903
"7/23/22, 2:00:00 AM CDT",0.4,0,0,4.025903,3.625903
"7/23/22, 2:15:00 AM CDT",0.4,0,0,4.025903,3.625903
"7/23/22, 2:30:00 AM CDT",0.4,0,0,4.025903,3.625903
"7/23/22, 2:45:00 AM CDT",0.4,0,0,4.025903,3.625903
"7/23/22, 3:00:00 AM CDT",0.4,0,0,4.025903,3.625903
"7/23/22, 3:15:00 AM CDT",0.4,0,0,4.025903,3.625903
"7/23/22, 3:30:00 AM CDT",0.4,0,0,4.025903,3.625903
"7/23/22, 3:45:00 AM CDT",0.4,0,0,4.025903,3.625903
"7/23/22, 4:00:00 AM CDT",0.4,0,0,4.025903,3.625903
"7/23/22, 4:15:00 AM CDT",0.4,0,0,4.025903,3.625903
"7/23/22, 4:30:00 AM CDT",0.4,0,0,4.025903,3.625903
"7/23/22, 4:45:00 AM CDT",0.4,0,0,4.025903,3.625903
"7/23/22, 5:00:00 AM CDT",0.4,0,0,4.025903,3.625903
"7/23/22, 5:15:00 AM CDT",0.4,0,0,4.025903,3.625903
"7/23/22, 5:30:00 AM CDT",0.4,0,0,4.025903,3.625903
"7/23/22, 5:45:00 AM CDT",0.4,0,0,4.025903,3.625903
"7/23/22, 6:00:00 AM CDT",0.4,0,0,3.49465,3.09465
"7/23/22, 6:15:00 AM CDT",0.4,0.2333333,0,2.033703,1.633703
"7/23/22, 6:30:00 AM CDT",-0.5333334,1.1,0,1.895356,2.46453
"7/23/22, 6:45:00 AM CDT",-1.506667,2.3,0,-0.0415041,1.465163
"7/23/22, 7:00:00 AM CDT",-3.166667,4.1,0,-1.436044,1.79703
"7/23/22, 7:15:00 AM CDT",-5.5,6.343333,0,-2.564956,2.93145
"7/23/22, 7:30:00 AM CDT",-8.433333,9.466667,0,-5.885288,2.514712
"7/23/22, 7:45:00 AM CDT",-12.05333,12.96667,0,-9.537654,2.582086
"7/23/22, 8:00:00 AM CDT",-16.1,17.23333,0,-13.67423,2.392303
"7/23/22, 8:15:00 AM CDT",-20.4,21.71,0,-18.05431,2.378768
"7/23/22, 8:30:00 AM CDT",-24.96667,26.53333,0,-22.50355,2.529524
"7/23/22, 8:45:00 AM CDT",-29.38333,31.12667,0,-26.46028,2.988765
"7/23/22, 9:00:00 AM CDT",-33.62333,35.5,0,-30.09051,3.565898
"7/23/22, 9:15:00 AM CDT",-37.91333,39.99333,0,-34.14132,3.735354
"7/23/22, 9:30:00 AM CDT",-42.74,45.06667,0,-39.16055,3.615421
"7/23/22, 9:45:00 AM CDT",-47.96667,50.53,0,-44.38454,3.614943
"7/23/22, 10:00:00 AM CDT",-52.49667,55.17667,0,-48.63456,3.755437
"7/23/22, 10:15:00 AM CDT",-55.8,58.9,0,-52.09601,3.7397
"7/23/22, 10:30:00 AM CDT",-59.26333,62.46667,0,-55.75668,3.639472
"7/23/22, 10:45:00 AM CDT",-62.06667,65.32667,0,-58.14732,3.952427
"7/23/22, 11:00:00 AM CDT",-64.68333,68.23333,0,-60.73717,3.94257
"7/23/22, 11:15:00 AM CDT",-67,70.26667,0,-62.92859,4.071412
"7/23/22, 11:30:00 AM CDT",-68.46667,72.18,0,-64.45595,4.010725
"7/23/22, 11:45:00 AM CDT",-70.38667,74.2,0,-66.33193,4.054736
"7/23/22, 12:00:00 PM CDT",-72.23334,76.29333,0,-68.39054,3.875866
"7/23/22, 12:15:00 PM CDT",-73.96667,78.2,0,-70.18352,3.749817
"7/23/22, 12:30:00 PM CDT",-75.4,79.4,0,-71.51165,3.954756
"7/23/22, 12:45:00 PM CDT",-75.6,79.6,0,-72.17572,3.390948
"7/23/22, 1:00:00 PM CDT",-76.8,81.03333,0,-72.17572,4.590948
"7/23/22, 1:15:00 PM CDT",-77.4,81.4,0,-72.44135,4.958655
"7/23/22, 1:30:00 PM CDT",-77.03333,81.6,0,-73.039,3.927924
"7/23/22, 1:45:00 PM CDT",-75.88,80.32667,0,-72.17572,3.670945
"7/23/22, 2:00:00 PM CDT",-74.83333,78.96667,0,-71.04681,3.886265
"7/23/22, 2:15:00 PM CDT",-74.2,78.3,0,-70.18352,4.016479
"7/23/22, 2:30:00 PM CDT",-74.56667,78.60001,0,-70.18352,4.379819
"7/23/22, 2:45:00 PM CDT",-72.96667,77.10001,0,-69.45305,3.513624
"7/23/22, 3:00:00 PM CDT",-71.76667,75.60001,0,-67.85929,3.907381
"7/23/22, 3:15:00 PM CDT",-69.23334,72.75,0,-65.40778,3.89223
"7/23/22, 3:30:00 PM CDT",-66.27333,69.82333,0,-62.13171,4.118289
"7/23/22, 3:45:00 PM CDT",-63.95667,67.26667,0,-60.20592,3.721005
"7/23/22, 4:00:00 PM CDT",-60.39667,63.78334,0,-56.42074,4.045925
"7/23/22, 4:15:00 PM CDT",-57.58,60.57333,0,-53.85025,3.693778
"7/23/22, 4:30:00 PM CDT",-54.43666,57.5,0,-50.75957,3.610684
"7/23/22, 4:45:00 PM CDT",-50.74667,53.43333,0,-46.90799,3.805602
"7/23/22, 5:00:00 PM CDT",-46.33333,48.93333,0,-42.54452,3.726695
"7/23/22, 5:15:00 PM CDT",-39.6,41.87333,0,-36.0007,3.673154
"7/23/22, 5:30:00 PM CDT",-29.88667,31.85333,0,-27.36507,2.54922
"7/23/22, 5:45:00 PM CDT",-23.8,25.19333,0,-21.44104,2.325882
"7/23/22, 6:00:00 PM CDT",-19.16667,20.46667,0,-16.85899,2.274868
"7/23/22, 6:15:00 PM CDT",-15.23333,16.47,0,-12.66983,2.494456
"7/23/22, 6:30:00 PM CDT",-13,14.06667,0,-9.537654,3.462346
"7/23/22, 6:45:00 PM CDT",-9.966666,10.86667,0,-6.217322,3.716271
"7/23/22, 7:00:00 PM CDT",-7.566667,8.3,0,-5.022002,2.577998
"7/23/22, 7:15:00 PM CDT",-5.106667,5.933333,0,-3.361836,1.678424
"7/23/22, 7:30:00 PM CDT",-2.74,3.8,0,-1.30323,1.473436
"7/23/22, 7:45:00 PM CDT",-1.2,2.2,0,0.7609094,1.994243
"7/23/22, 8:00:00 PM CDT",0.06,0.57,0,2.033703,1.907297
"7/23/22, 8:15:00 PM CDT",0.7,0,0,3.029803,2.329803
"7/23/22, 8:30:00 PM CDT",0.7,0,0,3.029803,2.329803
"7/23/22, 8:45:00 PM CDT",0.7,0,0,3.029803,2.329803
"7/23/22, 9:00:00 PM CDT",0.7,0,0,3.029803,2.329803
"7/23/22, 9:15:00 PM CDT",0.7,0,0,3.029803,2.329803
"7/23/22, 9:30:00 PM CDT",0.7,0,0,3.029803,2.329803
"7/23/22, 9:45:00 PM CDT",0.7,0,0,3.029803,2.329803
"7/23/22, 10:00:00 PM CDT",0.7,0,0,3.029803,2.329803
"7/23/22, 10:15:00 PM CDT",0.7,0,0,3.029803,2.329803
"7/23/22, 10:30:00 PM CDT",0.7,0,0,3.029803,2.329803
"7/23/22, 10:45:00 PM CDT",0.7,0,0,3.029803,2.329803
"7/23/22, 11:00:00 PM CDT",0.7,0,0,3.029803,2.329803
"7/23/22, 11:15:00 PM CDT",0.7,0,0,3.029803,2.329803
"7/23/22, 11:30:00 PM CDT",0.7,0,0,3.029803,2.329803
"7/23/22, 11:45:00 PM CDT",0.7,0,0,3.029803,2.329803
"7/24/22, 12:00:00 AM CDT",0.7,0,0,3.029803,2.329803
"7/24/22, 12:15:00 AM CDT",0.7,0,0,3.029803,2.329803
"7/24/22, 12:30:00 AM CDT",0.7,0,0,3.029803,2.329803
"7/24/22, 12:45:00 AM CDT",0.7,0,0,3.029803,2.329803
"7/24/22, 1:00:00 AM CDT",0.7,0,0,3.029803,2.329803
"7/24/22, 1:15:00 AM CDT",0.7,0,0,3.029803,2.329803
"7/24/22, 1:30:00 AM CDT",0.7,0,0,3.029803,2.329803
"7/24/22, 1:45:00 AM CDT",0.7,0,0,3.029803,2.329803
"7/24/22, 2:00:00 AM CDT",0.7,0,0,3.029803,2.329803
"7/24/22, 2:15:00 AM CDT",0.7,0,0,3.029803,2.329803
"7/24/22, 2:30:00 AM CDT",0.7,0,0,3.029803,2.329803
"7/24/22, 2:45:00 AM CDT",0.7,0,0,3.029803,2.329803
"7/24/22, 3:00:00 AM CDT",0.7,0,0,3.029803,2.329803
"7/24/22, 3:15:00 AM CDT",0.7,0,0,3.029803,2.329803
"7/24/22, 3:30:00 AM CDT",0.7,0,0,3.029803,2.329803
"7/24/22, 3:45:00 AM CDT",0.7,0,0,3.029803,2.329803
"7/24/22, 4:00:00 AM CDT",0.7,0,0,3.029803,2.329803
"7/24/22, 4:15:00 AM CDT",0.7,0,0,3.029803,2.329803
"7/24/22, 4:30:00 AM CDT",0.7,0,0,3.029803,2.329803
"7/24/22, 4:45:00 AM CDT",0.7,0,0,3.029803,2.329803
"7/24/22, 5:00:00 AM CDT",0.7,0,0,3.029803,2.329803
"7/24/22, 5:15:00 AM CDT",0.7,0,0,3.029803,2.329803
"7/24/22, 5:30:00 AM CDT",0.7,0,0,3.029803,2.329803
"7/24/22, 5:45:00 AM CDT",0.7,0,0,3.029803,2.329803
"7/24/22, 6:00:00 AM CDT",0.7,0,0,3.029803,2.329803
"7/24/22, 6:15:00 AM CDT",0.4866667,0.1,0,2.89699,2.423656
"7/24/22, 6:30:00 AM CDT",-0.5333333,1.3,0,0.8937227,1.357752
"7/24/22, 6:45:00 AM CDT",-2.1,2.833333,0,-0.1217455,1.942544
"7/24/22, 7:00:00 AM CDT",-5.653334,6.633333,0,-3.760276,1.929984
"7/24/22, 7:15:00 AM CDT",-7.213334,8.133333,0,-5.287629,2.051852
"7/24/22, 7:30:00 AM CDT",-9.656667,10.30667,0,-7.080608,2.542985
"7/24/22, 7:45:00 AM CDT",-12.33333,13.4,0,-9.936093,2.463906
"7/24/22, 8:00:00 AM CDT",-16.36667,17.58667,0,-14.04777,2.389155
"7/24/22, 8:15:00 AM CDT",-20.94333,22.30333,0,-18.58556,2.294962
"7/24/22, 8:30:00 AM CDT",-22.99667,24.44,0,-20.63586,2.08137
"7/24/22, 8:45:00 AM CDT",-25.99667,27.6,0,-23.83722,2.240053
"7/24/22, 9:00:00 AM CDT",-34.26667,36.11,0,-31.28583,3.014431
"7/24/22, 9:15:00 AM CDT",-37.92,40.06,0,-33.80928,4.044312
"7/24/22, 9:30:00 AM CDT",-42.49,44.91,0,-39.09968,3.540584
"7/24/22, 9:45:00 AM CDT",-48.55667,51.36333,0,-44.9822,3.611655
"7/24/22, 10:00:00 AM CDT",-53.10667,55.88333,0,-49.56425,3.632152
"7/24/22, 10:15:00 AM CDT",-53.71667,56.58333,0,-50.16191,3.405968
"7/24/22, 10:30:00 AM CDT",-58.46333,61.61666,0,-54.95426,3.459331
"7/24/22, 10:45:00 AM CDT",-62.27667,65.64667,0,-58.54575,3.98732
"7/24/22, 11:00:00 AM CDT",-65.15,68.59666,0,-61.20202,3.884907
"7/24/22, 11:15:00 AM CDT",-66.02333,69.71,0,-62.26453,3.758809
"7/24/22, 11:30:00 AM CDT",-69.08334,72.83334,0,-65.20026,3.917109
"7/24/22, 11:45:00 AM CDT",-69.29,73.07667,0,-65.59315,3.766015
"7/24/22, 12:00:00 PM CDT",-70.69666,74.47667,0,-67.07071,3.822104
"7/24/22, 12:15:00 PM CDT",-70.95667,74.82333,0,-67.26163,3.641708
"7/24/22, 12:30:00 PM CDT",-74.2,78.43999,0,-70.24992,4.016741
"7/24/22, 12:45:00 PM CDT",-74.9,78.84666,0,-70.84759,4.01908
"7/24/22, 1:00:00 PM CDT",-73.45,77.36667,0,-69.0546,4.385134
"7/24/22, 1:15:00 PM CDT",-72.46333,76.46,0,-68.65617,3.840759
"7/24/22, 1:30:00 PM CDT",-75.87333,79.9,0,-71.9765,3.969905
"7/24/22, 1:45:00 PM CDT",-77.06333,81.34,0,-73.039,4.044068
"7/24/22, 2:00:00 PM CDT",-74.15334,78.12334,0,-69.6412,4.194112
"7/24/22, 2:15:00 PM CDT",-70.70333,74.65667,0,-67.37507,3.94741
"7/24/22, 2:30:00 PM CDT",-67.56,71.21,0,-63.77804,3.944027
"7/24/22, 2:45:00 PM CDT",-67.81,71.45667,0,-64.0575,3.758902
"7/24/22, 3:00:00 PM CDT",-67.08,70.65,0,-63.12781,3.991407
"7/24/22, 3:15:00 PM CDT",-64.59666,67.97334,0,-60.47155,3.855641
"7/24/22, 3:30:00 PM CDT",-65.34,69.00333,0,-61.30163,4.102092
"7/24/22, 3:45:00 PM CDT",-61.92,65.51334,0,-58.0145,3.802164
"7/24/22, 4:00:00 PM CDT",-58.77,62.22,0,-55.35824,3.371763
"7/24/22, 4:15:00 PM CDT",-55.45667,58.17,0,-51.93553,3.546721
"7/24/22, 4:30:00 PM CDT",-50.33333,53.19667,0,-46.57596,3.707116
"7/24/22, 4:45:00 PM CDT",-43.31333,45.61666,0,-39.78865,3.392228
"7/24/22, 5:00:00 PM CDT",-44.29333,46.72667,0,-40.38354,3.93023
"7/24/22, 5:15:00 PM CDT",-38.14667,40.33,0,-34.47335,3.719206
"7/24/22, 5:30:00 PM CDT",-29.53333,31.20333,0,-25.94839,3.547315
"7/24/22, 5:45:00 PM CDT",-23.65333,25.07333,0,-20.0465,3.573236
"7/24/22, 6:00:00 PM CDT",-20.06667,21.26667,0,-17.45665,2.476687
"7/24/22, 6:15:00 PM CDT",-16.26667,17.35667,0,-13.61336,2.639452
"7/24/22, 6:30:00 PM CDT",-5.743333,6.616667,0,-3.859886,1.822797
"7/24/22, 6:45:00 PM CDT",-3.713333,4.5,0,-2.033703,1.67963
"7/24/22, 7:00:00 PM CDT",-4.3,4.5,0,-2.033703,2.266297
"7/24/22, 7:15:00 PM CDT",-3.233333,3.833333,0,-0.1826183,3.050715
"7/24/22, 7:30:00 PM CDT",-0.9266666,1.8,0,0.9296929,1.82233
"7/24/22, 7:45:00 PM CDT",0.7666667,0.5,0,3.029803,2.229803
"7/24/22, 8:00:00 PM CDT",0.8,0.5,0,3.029803,2.229803
"7/24/22, 8:15:00 PM CDT",0.8,0.5,0,3.029803,2.229803
"7/24/22, 8:30:00 PM CDT",0.8,0.5,0,3.029803,2.229803
"7/24/22, 8:45:00 PM CDT",0.8,0.5,0,3.029803,2.229803
"7/24/22, 9:00:00 PM CDT",0.8,0.5,0,3.029803,2.229803
"7/24/22, 9:15:00 PM CDT",0.8,0.5,0,3.029803,2.229803
"7/24/22, 9:30:00 PM CDT",0.8,0.5,0,3.029803,2.229803
"7/24/22, 9:45:00 PM CDT",0.8,0.5,0,3.029803,2.229803
"7/24/22, 10:00:00 PM CDT",0.8,0.5,0,3.029803,2.229803
"7/24/22, 10:15:00 PM CDT",0.8,0.5,0,3.029803,2.229803
"7/24/22, 10:30:00 PM CDT",0.8,0.5,0,3.029803,2.229803
"7/24/22, 10:45:00 PM CDT",0.8,0.5,0,3.029803,2.229803
"7/24/22, 11:00:00 PM CDT",0.8,0.5,0,3.029803,2.229803
"7/24/22, 11:15:00 PM CDT",0.8,0.5,0,3.029803,2.229803
"7/24/22, 11:30:00 PM CDT",0.8,0.5,0,3.029803,2.229803
"7/24/22, 11:45:00 PM CDT",0.8,0.5,0,3.029803,2.229803
"7/25/22, 12:00:00 AM CDT",0.8,0.5,0,3.029803,2.229803
"7/25/22, 12:15:00 AM CDT",0.8,0.5,0,3.029803,2.229803
"7/25/22, 12:30:00 AM CDT",0.8,0.5,0,3.029803,2.229803
"7/25/22, 12:45:00 AM CDT",0.8,0.5,0,3.029803,2.229803
"7/25/22, 1:00:00 AM CDT",0.8,0.5,0,3.029803,2.229803
"7/25/22, 1:15:00 AM CDT",0.8,0.5,0,3.029803,2.229803
"7/25/22, 1:30:00 AM CDT",0.8,0.5,0,3.029803,2.229803
"7/25/22, 1:45:00 AM CDT",0.8,0.5,0,3.029803,2.229803
"7/25/22, 2:00:00 AM CDT",0.8,0.5,0,3.029803,2.229803
"7/25/22, 2:15:00 AM CDT",0.8,0.5,0,3.029803,2.229803
"7/25/22, 2:30:00 AM CDT",0.8,0.5,0,3.029803,2.229803
"7/25/22, 2:45:00 AM CDT",0.8,0.5,0,3.029803,2.229803
"7/25/22, 3:00:00 AM CDT",0.8,0.5,0,3.029803,2.229803
"7/25/22, 3:15:00 AM CDT",0.8,0.5,0,3.029803,2.229803
"7/25/22, 3:30:00 AM CDT",0.8,0.5,0,3.029803,2.229803
"7/25/22, 3:45:00 AM CDT",0.8,0.5,0,3.029803,2.229803
"7/25/22, 4:00:00 AM CDT",0.8,0.5,0,3.029803,2.229803
"7/25/22, 4:15:00 AM CDT",0.8,0.5,0,3.029803,2.229803
"7/25/22, 4:30:00 AM CDT",0.8,0.5,0,3.029803,2.229803
"7/25/22, 4:45:00 AM CDT",0.8,0.5,0,3.029803,2.229803
"7/25/22, 5:00:00 AM CDT",0.8,0.5,0,3.029803,2.229803
"7/25/22, 5:15:00 AM CDT",0.8,0.5,0,3.029803,2.229803
"7/25/22, 5:30:00 AM CDT",0.8,0.5,0,3.029803,2.229803
"7/25/22, 5:45:00 AM CDT",0.8,0.5,0,3.029803,2.229803
"7/25/22, 6:00:00 AM CDT",0.8,0.5,0,3.029803,2.229803
"7/25/22, 6:15:00 AM CDT",0.5066667,0.5,0,3.029803,2.379803
"7/25/22, 6:30:00 AM CDT",-0.5333334,1.1,0,1.460946,2.027353
"7/25/22, 6:45:00 AM CDT",-2.053333,3.133333,0,-0.0415041,2.011133
"7/25/22, 7:00:00 AM CDT",-2.2,2.7,0,0.390139,2.554169
"7/25/22, 7:15:00 AM CDT",-3.886667,4.466667,0,-1.568857,2.386853
"7/25/22, 7:30:00 AM CDT",-8.5,9.406667,0,-6.283728,2.279085
"7/25/22, 7:45:00 AM CDT",-4.666667,5.533333,0,-2.10011,2.533483
"7/25/22, 8:00:00 AM CDT",-4.333333,4.633333,0,-2.10011,2.166817
"7/25/22, 8:15:00 AM CDT",-5.533333,6.5,0,-3.693869,1.806131
"7/25/22, 8:30:00 AM CDT",-7.783333,8.716667,0,-5.686069,2.064191
"7/25/22, 8:45:00 AM CDT",-3.9,4.733333,0,-1.70167,2.231663
"7/25/22, 9:00:00 AM CDT",-2.4,3.5,0,-0.9684302,1.43157
"7/25/22, 9:15:00 AM CDT",-2.4,3.5,0,0.1383472,2.610288
"7/25/22, 9:30:00 AM CDT",-2.053333,2.5,0,0.2102877,2.184317
"7/25/22, 9:45:00 AM CDT",-1.7,2.5,0,0.1743174,1.874317
"7/25/22, 10:00:00 AM CDT",-2.9,3.8,0,-0.6391639,2.260836
"7/25/22, 10:15:00 AM CDT",-5.206667,6,0,-3.29543,1.937644
"7/25/22, 10:30:00 AM CDT",-8.873334,9.5,0,-5.885288,2.918045
"7/25/22, 10:45:00 AM CDT",-10.1,10.5,0,-6.748575,3.351426
"7/25/22, 11:00:00 AM CDT",-10.2,11.2,0,-8.010301,2.156366
"7/25/22, 11:15:00 AM CDT",-11.66667,12.4,0,-8.773977,2.89269
"7/25/22, 11:30:00 AM CDT",-14.76667,16,0,-12.52595,2.207381
"7/25/22, 11:45:00 AM CDT",-14.43333,15.4,0,-10.9986,3.434734
"7/25/22, 12:00:00 PM CDT",-13.68333,14.86667,0,-10.9986,2.614734
"7/25/22, 12:15:00 PM CDT",-19.23667,20.51,0,-15.27906,3.987086
"7/25/22, 12:30:00 PM CDT",-35.23667,37.25333,0,-30.70477,4.566909
"7/25/22, 12:45:00 PM CDT",-41.07667,43.17,0,-35.27023,5.723105
"7/25/22, 1:00:00 PM CDT",-34.18333,36.15333,0,-27.06901,7.154326
"7/25/22, 1:15:00 PM CDT",-32.87,34.59,0,-25.72427,7.032394
"7/25/22, 1:30:00 PM CDT",-37.2,39.04667,0,-29.82211,7.205767
"7/25/22, 1:45:00 PM CDT",-32.46666,34.26667,0,-26.0231,6.443563
"7/25/22, 2:00:00 PM CDT",-38.42333,40.64667,0,-31.55145,6.605601
"7/25/22, 2:15:00 PM CDT",-49.52333,52.19333,0,-43.11174,6.809248
"7/25/22, 2:30:00 PM CDT",-50.6,53.37333,0,-44.17148,6.88524
"7/25/22, 2:45:00 PM CDT",-60.63667,63.94667,0,-52.99527,7.023861
"7/25/22, 3:00:00 PM CDT",-60.57,67.01,0,-55.66813,4.071299
"7/25/22, 3:15:00 PM CDT",-62.54,66.43667,0,-54.49218,7.167316
"7/25/22, 3:30:00 PM CDT",-53.83667,56.64,0,-47.07677,7.109642
"7/25/22, 3:45:00 PM CDT",-39.14333,41.42,0,-33.37764,5.981322
"7/25/22, 4:00:00 PM CDT",-39.78667,42.03333,0,-33.41637,6.400932
"7/25/22, 4:15:00 PM CDT",-62.66667,66.06,0,-57.14015,5.21601
"7/25/22, 4:30:00 PM CDT",-53.69667,56.49,0,-49.15475,4.724424
"7/25/22, 4:45:00 PM CDT",-34.18,36.11666,0,-31.60679,2.804682
"7/25/22, 5:00:00 PM CDT",-23.91667,25.38333,0,-21.83948,2.080516
"7/25/22, 5:15:00 PM CDT",-22.39333,23.78667,0,-20.0465,2.280422
"7/25/22, 5:30:00 PM CDT",-17.57667,18.83333,0,-14.91106,2.665608
"7/25/22, 5:45:00 PM CDT",-14.56667,15.54333,0,-11.26423,3.30244
"7/25/22, 6:00:00 PM CDT",-13.4,14.63333,0,-10.53375,2.799839
"7/25/22, 6:15:00 PM CDT",-12.4,13.5,0,-9.006401,3.393599
"7/25/22, 6:30:00 PM CDT",-11.16667,11.86667,0,-9.006401,2.193599
"7/25/22, 6:45:00 PM CDT",-11.55,12.73333,0,-9.604061,1.945939
"7/25/22, 7:00:00 PM CDT",-9.04,10.1,0,-7.213422,1.760172
"7/25/22, 7:15:00 PM CDT",-5.733333,6.63,0,-3.959496,1.740764
"7/25/22, 7:30:00 PM CDT",-2.953333,3.566667,0,-1.03207,1.789146
"7/25/22, 7:45:00 PM CDT",-1.44,2.16,0,0.6917358,2.132432
"7/25/22, 8:00:00 PM CDT",-0.1,0.7,0,2.49855,2.59855
"7/25/22, 8:15:00 PM CDT",0,0.5,0,3.029803,3.029803
"7/25/22, 8:30:00 PM CDT",0.5666667,0.5,0,3.029803,2.463136
"7/25/22, 8:45:00 PM CDT",1,0.5,0,3.029803,2.029803
"7/25/22, 9:00:00 PM CDT",1,0.5,0,3.029803,2.029803
"7/25/22, 9:15:00 PM CDT",1,0.5,0,3.029803,2.029803
"7/25/22, 9:30:00 PM CDT",1,0.5,0,3.029803,2.029803
"7/25/22, 9:45:00 PM CDT",1,0.5,0,3.029803,2.029803
"7/25/22, 10:00:00 PM CDT",1,0.5,0,3.029803,2.029803
"7/25/22, 10:15:00 PM CDT",1,0.5,0,3.029803,2.029803
"7/25/22, 10:30:00 PM CDT",1,0.5,0,3.029803,2.029803
"7/25/22, 10:45:00 PM CDT",1,0.5,0,3.029803,2.029803
"7/25/22, 11:00:00 PM CDT",1,0.5,0,3.029803,2.029803
"7/25/22, 11:15:00 PM CDT",1,0.5,0,3.029803,2.029803
"7/25/22, 11:30:00 PM CDT",1,0.5,0,3.029803,2.029803
"7/25/22, 11:45:00 PM CDT",1,0.5,0,3.029803,2.029803
"7/26/22, 12:00:00 AM CDT",1,0.5,0,3.029803,2.029803
"7/26/22, 12:15:00 AM CDT",1,0.5,0,3.029803,2.029803
"7/26/22, 12:30:00 AM CDT",1,0.5,0,3.029803,2.029803
"7/26/22, 12:45:00 AM CDT",1,0.5,0,3.029803,2.029803
"7/26/22, 1:00:00 AM CDT",1,0.5,0,3.029803,2.029803
"7/26/22, 1:15:00 AM CDT",1,0.5,0,3.029803,2.029803
"7/26/22, 1:30:00 AM CDT",1,0.5,0,3.029803,2.029803
"7/26/22, 1:45:00 AM CDT",1,0.5,0,3.029803,2.029803
"7/26/22, 2:00:00 AM CDT",1,0.5,0,3.029803,2.029803
"7/26/22, 2:15:00 AM CDT",1,0.5,0,3.029803,2.029803
"7/26/22, 2:30:00 AM CDT",1,0.5,0,3.029803,2.029803
"7/26/22, 2:45:00 AM CDT",1,0.5,0,3.029803,2.029803
"7/26/22, 3:00:00 AM CDT",1,0.5,0,3.029803,2.029803
"7/26/22, 3:15:00 AM CDT",1,0.5,0,3.029803,2.029803
"7/26/22, 3:30:00 AM CDT",1,0.5,0,3.029803,2.029803
"7/26/22, 3:45:00 AM CDT",1,0.5,0,3.029803,2.029803
"7/26/22, 4:00:00 AM CDT",1,0.5,0,3.029803,2.029803
"7/26/22, 4:15:00 AM CDT",1,0.5,0,3.029803,2.029803
"7/26/22, 4:30:00 AM CDT",1,0.5,0,3.029803,2.029803
"7/26/22, 4:45:00 AM CDT",1,0.5,0,3.029803,2.029803
"7/26/22, 5:00:00 AM CDT",1,0.5,0,3.029803,2.029803
"7/26/22, 5:15:00 AM CDT",1,0.5,0,3.029803,2.029803
"7/26/22, 5:30:00 AM CDT",1,0.5,0,3.029803,2.029803
"7/26/22, 5:45:00 AM CDT",1,0.5,0,3.029803,2.029803
"7/26/22, 6:00:00 AM CDT",1,0.5,0,3.029803,2.029803
"7/26/22, 6:15:00 AM CDT",1,0.5,0,3.029803,2.029803
"7/26/22, 6:30:00 AM CDT",1,0.5,0,3.029803,2.029803
"7/26/22, 6:45:00 AM CDT",1,0.5,0,3.029803,2.029803
"7/26/22, 7:00:00 AM CDT",1,0.5,0,3.029803,2.029803
"7/26/22, 7:15:00 AM CDT",0.2666667,0.5,0,3.029803,2.763136
"7/26/22, 7:30:00 AM CDT",0,0.5,0,2.89699,2.89699
"7/26/22, 7:45:00 AM CDT",-0.8333333,1.333333,0,1.037604,1.837604
"7/26/22, 8:00:00 AM CDT",-1,1.5,0,0.7498416,1.749842
"7/26/22, 8:15:00 AM CDT",-1,1.9,0,0.6059606,1.641931
"7/26/22, 8:30:00 AM CDT",-1,1.5,0,1.037604,2.037604
"7/26/22, 8:45:00 AM CDT",-1.16,1.8,0,0.7138714,1.877205
"7/26/22, 9:00:00 AM CDT",-0.5633333,1.38,0,1.045905,1.642571
"7/26/22, 9:15:00 AM CDT",-0.6866667,1.42,0,1.001634,1.688997
"7/26/22, 9:30:00 AM CDT",-1.733333,2.5,0,0.1383472,1.874318
"7/26/22, 9:45:00 AM CDT",-2.4,3.2,0,-0.3071307,2.059536
"7/26/22, 10:00:00 AM CDT",-4.973333,5.913333,0,-3.561056,1.37561
"7/26/22, 10:15:00 AM CDT",-4.633333,5.533333,0,-2.69777,1.835823
"7/26/22, 10:30:00 AM CDT",-8.693334,9.626667,0,-6.217321,2.505752
"7/26/22, 10:45:00 AM CDT",-5.98,6.8,0,-3.893089,2.060504
"7/26/22, 11:00:00 AM CDT",-3.966667,5,0,-2.232923,1.80041
"7/26/22, 11:15:00 AM CDT",-14.62,15.71,0,-12.63663,2.07713
"7/26/22, 11:30:00 AM CDT",-11.79,12.82667,0,-9.692602,1.91996
"7/26/22, 11:45:00 AM CDT",-33.11666,35.27667,0,-29.33237,2.867903
"7/26/22, 12:00:00 PM CDT",-27.02333,28.72333,0,-25.07404,2.089469
"7/26/22, 12:15:00 PM CDT",-40.01667,43.01,0,-35.95643,2.95735
"7/26/22, 12:30:00 PM CDT",-29.96333,31.65333,0,-26.16145,3.816517
"7/26/22, 12:45:00 PM CDT",-65.62334,68.6,0,-62.98116,4.478899
"7/26/22, 1:00:00 PM CDT",-74.92,79.09333,0,-71.20452,5.399519
"7/26/22, 1:15:00 PM CDT",-80.99,85.52666,0,-76.78268,4.514499
"7/26/22, 1:30:00 PM CDT",-78.48666,82.58667,0,-72.30576,6.105409
"7/26/22, 1:45:00 PM CDT",-79.50667,83.98666,0,-74.46397,5.247368
"7/26/22, 2:00:00 PM CDT",-76.54333,80.86667,0,-70.30803,5.481116
"7/26/22, 2:15:00 PM CDT",-67.31,71.3,0,-61.14391,4.531564
"7/26/22, 2:30:00 PM CDT",-74.70667,78.77666,0,-69.07951,5.209947
"7/26/22, 2:45:00 PM CDT",-71.85333,75.65667,0,-66.17976,5.504276
"7/26/22, 3:00:00 PM CDT",-71.64,75.07,0,-63.39621,6.663755
"7/26/22, 3:15:00 PM CDT",-68.58333,72.19,0,-65.47971,2.297034
"7/26/22, 3:30:00 PM CDT",-66.96333,70.65667,0,-62.96456,3.566617
"7/26/22, 3:45:00 PM CDT",-56.35,59.64,0,-53.65933,2.880695
"7/26/22, 4:00:00 PM CDT",-61.4,64.66666,0,-57.91212,7.03
"7/26/22, 4:15:00 PM CDT",-62.85,65.72334,0,-58.50702,4.260179
"7/26/22, 4:30:00 PM CDT",-40.9,43.06333,0,-38.03717,2.693526
"7/26/22, 4:45:00 PM CDT",-17.16667,18.73333,0,-14.06991,3.030093
"7/26/22, 5:00:00 PM CDT",-22.55667,23.91333,0,-20.11845,2.274618
"7/26/22, 5:15:00 PM CDT",-23.38667,24.64667,0,-20.6414,2.331027
"7/26/22, 5:30:00 PM CDT",-15.06667,16.23333,0,-13.3505,1.682832
"7/26/22, 5:45:00 PM CDT",-15.60333,16.67667,0,-13.09041,2.49349
"7/26/22, 6:00:00 PM CDT",-17.35,18.71667,0,-14.78378,2.754671
"7/26/22, 6:15:00 PM CDT",-19.42,20.63,0,-16.62103,2.685201
"7/26/22, 6:30:00 PM CDT",-13.65667,14.84667,0,-10.17958,3.644445
"7/26/22, 6:45:00 PM CDT",-6.153333,7.11,0,-3.494649,2.788424
"7/26/22, 7:00:00 PM CDT",-5.866667,6.766666,0,-4.557156,1.309511
"7/26/22, 7:15:00 PM CDT",-2.946666,3.886667,0,-1.347501,1.665832
"7/26/22, 7:30:00 PM CDT",-0.2,1.076667,0,1.70167,1.80206
"7/26/22, 7:45:00 PM CDT",0,1.1,0,2.033703,2.033703
"7/26/22, 8:00:00 PM CDT",0.1066667,0.5133333,0,2.033703,1.927037
"7/26/22, 8:15:00 PM CDT",0.8,0,0,2.033703,1.233703
"7/26/22, 8:30:00 PM CDT",0.8,0,0,2.033703,1.233703
"7/26/22, 8:45:00 PM CDT",0.8,0,0,3.69387,2.827463
"7/26/22, 9:00:00 PM CDT",0.8,0,0,4.025903,3.225903
"7/26/22, 9:15:00 PM CDT",0.8,0,0,4.025903,3.225903
"7/26/22, 9:30:00 PM CDT",0.8,0,0,4.025903,3.225903
"7/26/22, 9:45:00 PM CDT",0.8,0,0,4.025903,3.225903
"7/26/22, 10:00:00 PM CDT",0.8,0,0,4.025903,3.225903
"7/26/22, 10:15:00 PM CDT",0.8,0,0,4.025903,3.225903
"7/26/22, 10:30:00 PM CDT",0.8,0,0,4.025903,3.225903
"7/26/22, 10:45:00 PM CDT",0.8,0,0,4.025903,3.225903
"7/26/22, 11:00:00 PM CDT",0.8,0,0,4.025903,3.225903
"7/26/22, 11:15:00 PM CDT",0.8,0,0,4.025903,3.225903
"7/26/22, 11:30:00 PM CDT",0.8,0,0,4.025903,3.225903
"7/26/22, 11:45:00 PM CDT",0.8,0,0,4.025903,3.225903
"7/27/22, 12:00:00 AM CDT",0.8,0,0,4.025903,3.225903
"7/27/22, 12:15:00 AM CDT",0.8,0,0,4.025903,3.225903
"7/27/22, 12:30:00 AM CDT",0.8,0,0,4.025903,3.225903
"7/27/22, 12:45:00 AM CDT",0.8,0,0,4.025903,3.225903
"7/27/22, 1:00:00 AM CDT",0.8,0,0,4.025903,3.225903
"7/27/22, 1:15:00 AM CDT",0.8,0,0,4.025903,3.225903
"7/27/22, 1:30:00 AM CDT",0.8,0,0,4.025903,3.225903
"7/27/22, 1:45:00 AM CDT",0.8,0,0,4.025903,3.225903
"7/27/22, 2:00:00 AM CDT",0.8,0,0,4.025903,3.225903
"7/27/22, 2:15:00 AM CDT",0.8,0,0,4.025903,3.225903
"7/27/22, 2:30:00 AM CDT",0.8,0,0,4.025903,3.225903
"7/27/22, 2:45:00 AM CDT",0.8,0,0,4.025903,3.225903
"7/27/22, 3:00:00 AM CDT",0.8,0,0,4.025903,3.225903
"7/27/22, 3:15:00 AM CDT",0.8,0,0,4.025903,3.225903
"7/27/22, 3:30:00 AM CDT",0.8,0,0,4.025903,3.225903
"7/27/22, 3:45:00 AM CDT",0.8,0,0,4.025903,3.225903
"7/27/22, 4:00:00 AM CDT",0.8,0,0,4.025903,3.225903
"7/27/22, 4:15:00 AM CDT",0.8,0,0,4.025903,3.225903
"7/27/22, 4:30:00 AM CDT",0.8,0,0,4.025903,3.225903
"7/27/22, 4:45:00 AM CDT",0.8,0,0,4.025903,3.225903
"7/27/22, 5:00:00 AM CDT",0.8,0,0,4.025903,3.225903
"7/27/22, 5:15:00 AM CDT",0.8,0,0,4.025903,3.225903
"7/27/22, 5:30:00 AM CDT",0.8,0,0,4.025903,3.225903
"7/27/22, 5:45:00 AM CDT",0.8,0,0,4.025903,3.225903
"7/27/22, 6:00:00 AM CDT",0.8,0,0,4.025903,3.225903
"7/27/22, 6:15:00 AM CDT",0.8,0,0,3.760276,2.960276
"7/27/22, 6:30:00 AM CDT",0.8,0,0,2.830583,2.09699
"7/27/22, 6:45:00 AM CDT",0.5,0.2333333,0,2.830583,2.29751
"7/27/22, 7:00:00 AM CDT",0.4666667,0.2666667,0,2.166517,1.666517
"7/27/22, 7:15:00 AM CDT",-0.5333334,1.233333,0,1.654632,2.049748
"7/27/22, 7:30:00 AM CDT",-3.68,4.436666,0,-1.635264,2.044997
"7/27/22, 7:45:00 AM CDT",-9.440001,10.48,0,-6.947794,2.432466
"7/27/22, 8:00:00 AM CDT",-8.873333,9.753333,0,-6.416542,2.559865
"7/27/22, 8:15:00 AM CDT",-16.43667,17.19333,0,-13.72957,2.587529
"7/27/22, 8:30:00 AM CDT",-19.47333,20.76667,0,-15.97633,2.608999
"7/27/22, 8:45:00 AM CDT",-11.36333,12.43,0,-8.643931,2.888975
"7/27/22, 9:00:00 AM CDT",-25.23333,26.97667,0,-23.74314,3.19529
"7/27/22, 9:15:00 AM CDT",-20.88333,22.56333,0,-18.60216,1.491999
"7/27/22, 9:30:00 AM CDT",-30.04333,31.84667,0,-26.30256,4.456852
"7/27/22, 9:45:00 AM CDT",-41.97667,43.59333,0,-39.47875,2.524336
"7/27/22, 10:00:00 AM CDT",-56.80667,59.83333,0,-53.96093,2.030511
"7/27/22, 10:15:00 AM CDT",-46.64333,49.15,0,-46.47635,1.485174
"7/27/22, 10:30:00 AM CDT",-59.78333,63.12667,0,-56.19939,1.960142
"7/27/22, 10:45:00 AM CDT",-63.19333,66.39667,0,-59.40904,3.717885
"7/27/22, 11:00:00 AM CDT",-64.44666,67.79,0,-60.9696,3.423605
"7/27/22, 11:15:00 AM CDT",-66.96667,70.53333,0,-63.06141,3.872192
"7/27/22, 11:30:00 AM CDT",-69.03667,72.72666,0,-65.54059,3.53288
"7/27/22, 11:45:00 AM CDT",-70.83334,74.83333,0,-67.06241,3.704521
"7/27/22, 12:00:00 PM CDT",-72.33334,76.53333,0,-68.19132,4.208679
"7/27/22, 12:15:00 PM CDT",-73.81333,78.02666,0,-68.02254,5.68517
"7/27/22, 12:30:00 PM CDT",-76.34333,80.69667,0,-71.14365,5.26661
"7/27/22, 12:45:00 PM CDT",-75.5,80,0,-71.17962,4.353713
"7/27/22, 1:00:00 PM CDT",-76.53333,80.88,0,-71.57806,4.955275
"7/27/22, 1:15:00 PM CDT",-76.9,80.93333,0,-71.17962,5.753715
"7/27/22, 1:30:00 PM CDT",-76.56,80.64,0,-71.17962,5.417048
"7/27/22, 1:45:00 PM CDT",-76.5,81,0,-71.17962,5.287048
"7/27/22, 2:00:00 PM CDT",-69.10667,72.88333,0,-63.22189,5.904043
"7/27/22, 2:15:00 PM CDT",-38.23667,40.49667,0,-33.35273,5.103402
"7/27/22, 2:30:00 PM CDT",-67.87666,71.90334,0,-61.77755,5.173264
"7/27/22, 2:45:00 PM CDT",-69.54333,74.49,0,-66.96556,3.372571
"7/27/22, 3:00:00 PM CDT",-70.91666,74.73,0,-67.04857,3.787398
"7/27/22, 3:15:00 PM CDT",-62.24333,66.05334,0,-58.17775,3.735676
"7/27/22, 3:30:00 PM CDT",-64.65334,68.28333,0,-61.82458,3.731127
"7/27/22, 3:45:00 PM CDT",-64.86667,68.5,0,-60.93639,3.996677
"7/27/22, 4:00:00 PM CDT",-28.46333,30.07,0,-25.53335,5.601827
"7/27/22, 4:15:00 PM CDT",-47.79667,50.28667,0,-45.52452,3.510969
"7/27/22, 4:30:00 PM CDT",-58.67,61.86666,0,-55.95589,2.534625
"7/27/22, 4:45:00 PM CDT",-37.06,39.25,0,-34.18282,2.991982
"7/27/22, 5:00:00 PM CDT",-18.28333,20.49667,0,-14.94703,2.823771
"7/27/22, 5:15:00 PM CDT",-15.1,16,0,-12.39037,2.70699
"7/27/22, 5:30:00 PM CDT",-18.26667,19.26,0,-14.80591,3.510707
"7/27/22, 5:45:00 PM CDT",-24.48667,26.10333,0,-20.79358,3.736811
"7/27/22, 6:00:00 PM CDT",-21.35,22.73,0,-17.78315,3.615248
"7/27/22, 6:15:00 PM CDT",-15.48333,16.55333,0,-12.45125,2.935421
"7/27/22, 6:30:00 PM CDT",-8.786667,9.5,0,-6.748575,2.030645
"7/27/22, 6:45:00 PM CDT",-6.733334,7,0,-5.022002,1.677998
"7/27/22, 7:00:00 PM CDT",-5.133334,6.013333,0,-3.428243,1.704831
"7/27/22, 7:15:00 PM CDT",-1.696667,2.533333,0,0.0719405,1.754884
"7/27/22, 7:30:00 PM CDT",-0.2333333,0.9,0,1.30323,1.60297
"7/27/22, 7:45:00 PM CDT",-0.14,0.9,0,1.369637,1.536044
"7/27/22, 8:00:00 PM CDT",0.7,0.9,0,3.029803,2.329803
"7/27/22, 8:15:00 PM CDT",0.7,0.9,0,2.29933,1.665737
"7/27/22, 8:30:00 PM CDT",0.7,0.9,0,3.029803,2.329803
"7/27/22, 8:45:00 PM CDT",0.7,0.9,0,3.029803,2.329803
"7/27/22, 9:00:00 PM CDT",0.7,0.9,0,3.029803,2.329803
"7/27/22, 9:15:00 PM CDT",0.7,0.9,0,3.029803,2.329803
"7/27/22, 9:30:00 PM CDT",0.7,0.9,0,3.029803,2.329803
"7/27/22, 9:45:00 PM CDT",0.7,0.9,0,3.029803,2.329803
"7/27/22, 10:00:00 PM CDT",0.7,0.9,0,3.029803,2.329803
"7/27/22, 10:15:00 PM CDT",0.7,0.9,0,3.029803,2.329803
"7/27/22, 10:30:00 PM CDT",0.7,0.9,0,3.029803,2.329803
"7/27/22, 10:45:00 PM CDT",0.7,0.9,0,3.029803,2.329803
"7/27/22, 11:00:00 PM CDT",0.7,0.9,0,3.029803,2.329803
"7/27/22, 11:15:00 PM CDT",0.7,0.9,0,3.029803,2.329803
"7/27/22, 11:30:00 PM CDT",0.7,0.9,0,3.029803,2.329803
"7/27/22, 11:45:00 PM CDT",0.7,0.9,0,3.029803,2.329803
"7/28/22, 12:00:00 AM CDT",0.7,0.9,0,3.029803,2.329803
"7/28/22, 12:15:00 AM CDT",0.7,0.9,0,3.029803,2.329803
"7/28/22, 12:30:00 AM CDT",0.7,0.9,0,3.029803,2.329803
"7/28/22, 12:45:00 AM CDT",0.7,0.9,0,3.029803,2.329803
"7/28/22, 1:00:00 AM CDT",0.7,0.9,0,3.029803,2.329803
"7/28/22, 1:15:00 AM CDT",0.7,0.9,0,3.029803,2.329803
"7/28/22, 1:30:00 AM CDT",0.7,0.9,0,3.029803,2.329803
"7/28/22, 1:45:00 AM CDT",0.7,0.9,0,3.029803,2.329803
"7/28/22, 2:00:00 AM CDT",0.7,0.9,0,3.029803,2.329803
"7/28/22, 2:15:00 AM CDT",0.7,0.9,0,3.029803,2.329803
"7/28/22, 2:30:00 AM CDT",0.7,0.9,0,3.029803,2.329803
"7/28/22, 2:45:00 AM CDT",0.7,0.9,0,3.029803,2.329803
"7/28/22, 3:00:00 AM CDT",0.7,0.9,0,3.029803,2.329803
"7/28/22, 3:15:00 AM CDT",0.7,0.9,0,3.029803,2.329803
"7/28/22, 3:30:00 AM CDT",0.7,0.9,0,3.029803,2.329803
"7/28/22, 3:45:00 AM CDT",0.7,0.9,0,3.029803,2.329803
"7/28/22, 4:00:00 AM CDT",0.7,0.9,0,3.029803,2.329803
"7/28/22, 4:15:00 AM CDT",0.7,0.9,0,3.029803,2.329803
"7/28/22, 4:30:00 AM CDT",0.7,0.9,0,3.029803,2.329803
"7/28/22, 4:45:00 AM CDT",0.7,0.9,0,3.029803,2.329803
"7/28/22, 5:00:00 AM CDT",0.7,0.9,0,3.029803,2.329803
"7/28/22, 5:15:00 AM CDT",0.7,0.9,0,3.029803,2.329803
"7/28/22, 5:30:00 AM CDT",0.7,0.9,0,3.029803,2.329803
"7/28/22, 5:45:00 AM CDT",0.7,0.9,0,3.029803,2.329803
"7/28/22, 6:00:00 AM CDT",0.7,0.9,0,3.029803,2.329803
"7/28/22, 6:15:00 AM CDT",0.7,0.9,0,3.029803,2.329803
"7/28/22, 6:30:00 AM CDT",-0.3133333,1.166667,0,1.19532,1.508653
"7/28/22, 6:45:00 AM CDT",-1.666667,2.333333,0,0.1743174,1.77168
"7/28/22, 7:00:00 AM CDT",-3.2,3.9,0,-1.30323,1.89677
"7/28/22, 7:15:00 AM CDT",-5.663333,6.366667,0,-3.760276,1.869724
"7/28/22, 7:30:00 AM CDT",-7.293334,8.086667,0,-5.354035,2.005705
"7/28/22, 7:45:00 AM CDT",-9.4,10.23333,0,-7.545454,1.854546
"7/28/22, 8:00:00 AM CDT",-15.06667,16.15667,0,-12.51765,2.572088
"7/28/22, 8:15:00 AM CDT",-19.47667,20.86333,0,-17.23529,2.551683
"7/28/22, 8:30:00 AM CDT",-25.60667,27.20667,0,-22.93796,2.691956
"7/28/22, 8:45:00 AM CDT",-27.78,29.51,0,-25.19855,2.608577
"7/28/22, 9:00:00 AM CDT",-34.85,36.86333,0,-32.27916,2.553735
"7/28/22, 9:15:00 AM CDT",-39.51667,41.69333,0,-37.72727,2.363461
"7/28/22, 9:30:00 AM CDT",-40.15,42.71,0,-38.65973,1.784807
"7/28/22, 9:45:00 AM CDT",-52.33667,55.43667,0,-50.11488,2.277628
"7/28/22, 10:00:00 AM CDT",-43.47,45.57333,0,-40.0266,3.514001
"7/28/22, 10:15:00 AM CDT",-36.59333,38.80667,0,-32.81041,3.450496
"7/28/22, 10:30:00 AM CDT",-52.09667,54.70667,0,-48.88082,3.418426
"7/28/22, 10:45:00 AM CDT",-35.27666,37.35333,0,-32.04674,3.499491
"7/28/22, 11:00:00 AM CDT",-34.09,36.01667,0,-30.60239,3.178823
"7/28/22, 11:15:00 AM CDT",-43.38,45.59333,0,-39.73054,3.038783
"7/28/22, 11:30:00 AM CDT",-33.33333,35.41667,0,-30.40594,3.167477
"7/28/22, 11:45:00 AM CDT",-47.87333,50.60333,0,-44.67783,0.8447755
"7/28/22, 12:00:00 PM CDT",-57.14,60.13667,0,-55.53809,1.379786
"7/28/22, 12:15:00 PM CDT",-57.57667,60.78667,0,-53.69807,3.139731
"7/28/22, 12:30:00 PM CDT",-61.25,63.75333,0,-57.46941,3.512491
"7/28/22, 12:45:00 PM CDT",-63.17333,66.13333,0,-58.98293,3.399446
"7/28/22, 1:00:00 PM CDT",-59.76667,62.84667,0,-55.6709,4.099286
"7/28/22, 1:15:00 PM CDT",-24.86,26.34333,0,-21.28056,3.655278
"7/28/22, 1:30:00 PM CDT",-28.12333,29.73667,0,-24.58152,3.529255
"7/28/22, 1:45:00 PM CDT",-17.28,18.37667,0,-13.98137,3.312489
"7/28/22, 2:00:00 PM CDT",-15.26333,16.29,0,-11.82868,3.27088
"7/28/22, 2:15:00 PM CDT",-24.25667,25.71,0,-21.92526,2.336858
"7/28/22, 2:30:00 PM CDT",-72.07667,78.86,0,-68.80005,3.151169
"7/28/22, 2:45:00 PM CDT",-54.81333,57.81,0,-51.45131,3.315086
"7/28/22, 3:00:00 PM CDT",-41.62667,44.87,0,-40.29776,2.381206
"7/28/22, 3:15:00 PM CDT",-21.96667,23.63,0,-19.05041,2.977737
"7/28/22, 3:30:00 PM CDT",-6.656667,7.546667,0,-3.909691,2.860569
"7/28/22, 3:45:00 PM CDT",-1,1.8,0,1.037604,2.037604
"7/28/22, 4:00:00 PM CDT",-0.2666667,1.066667,0,1.30323,1.569897
"7/28/22, 4:15:00 PM CDT",-0.3,1.033333,0,1.726573,2.095876
"7/28/22, 4:30:00 PM CDT",-0.5133333,1.2,0,1.485849,1.965849
"7/28/22, 4:45:00 PM CDT",-1.97,2.713333,0,-0.2849952,1.718078
"7/28/22, 5:00:00 PM CDT",-5.306667,5.866667,0,-2.631363,2.675304
"7/28/22, 5:15:00 PM CDT",-4.8,5.9,0,-2.033703,2.766297
"7/28/22, 5:30:00 PM CDT",-3.8,4.866667,0,-1.834483,1.89911
"7/28/22, 5:45:00 PM CDT",-3.736667,4.5,0,-1.30323,2.499843
"7/28/22, 6:00:00 PM CDT",-3.403333,4.35,0,-1.568857,2.003957
"7/28/22, 6:15:00 PM CDT",-1.723333,2.9,0,-0.2683935,1.521347
"7/28/22, 6:30:00 PM CDT",-1.53,2.3,0,0.1355802,1.66558
"7/28/22, 6:45:00 PM CDT",-1.966667,2.8,0,-0.290529,1.676268
"7/28/22, 7:00:00 PM CDT",-2.043333,2.8,0,-0.4039737,1.640056
"7/28/22, 7:15:00 PM CDT",-5.003333,5.773334,0,-3.428243,1.53509
"7/28/22, 7:30:00 PM CDT",-2.186667,2.933333,0,-0.3264993,1.893501
"7/28/22, 7:45:00 PM CDT",-0.65,1,0,1.037604,1.64427
"7/28/22, 8:00:00 PM CDT",0.4,0.2666667,0,2.89699,2.49699
"7/28/22, 8:15:00 PM CDT",0.8,0,0,3.029803,2.229803
"7/28/22, 8:30:00 PM CDT",0.8,0,0,3.029803,2.229803
"7/28/22, 8:45:00 PM CDT",0.8,0,0,3.029803,2.229803
"7/28/22, 9:00:00 PM CDT",0.8,0,0,3.029803,2.229803
"7/28/22, 9:15:00 PM CDT",0.8,0,0,3.029803,2.229803
"7/28/22, 9:30:00 PM CDT",0.8,0,0,3.029803,2.229803
"7/28/22, 9:45:00 PM CDT",0.8,0,0,3.029803,2.229803
"7/28/22, 10:00:00 PM CDT",0.8,0,0,3.029803,2.229803
"7/28/22, 10:15:00 PM CDT",0.8,0,0,3.029803,2.229803
"7/28/22, 10:30:00 PM CDT",0.8,0,0,3.029803,2.229803
"7/28/22, 10:45:00 PM CDT",0.8,0,0,3.029803,2.229803
"7/28/22, 11:00:00 PM CDT",0.8,0,0,3.029803,2.229803
"7/28/22, 11:15:00 PM CDT",0.8,0,0,3.029803,2.229803
"7/28/22, 11:30:00 PM CDT",0.8,0,0,3.029803,2.229803
"7/28/22, 11:45:00 PM CDT",0.8,0,0,3.029803,2.229803
"7/29/22, 12:00:00 AM CDT",0.8,0,0,3.029803,2.229803
"7/29/22, 12:15:00 AM CDT",0.8,0,0,3.029803,2.229803
"7/29/22, 12:30:00 AM CDT",0.8,0,0,3.029803,2.229803
"7/29/22, 12:45:00 AM CDT",0.8,0,0,3.029803,2.229803
"7/29/22, 1:00:00 AM CDT",0.8,0,0,3.029803,2.229803
"7/29/22, 1:15:00 AM CDT",0.8,0,0,3.029803,2.229803
"7/29/22, 1:30:00 AM CDT",0.8,0,0,3.029803,2.229803
"7/29/22, 1:45:00 AM CDT",0.8,0,0,3.029803,2.229803
"7/29/22, 2:00:00 AM CDT",0.8,0,0,3.029803,2.229803
"7/29/22, 2:15:00 AM CDT",0.8,0,0,3.029803,2.229803
"7/29/22, 2:30:00 AM CDT",0.8,0,0,3.029803,2.229803
"7/29/22, 2:45:00 AM CDT",0.8,0,0,3.029803,2.229803
"7/29/22, 3:00:00 AM CDT",0.8,0,0,3.029803,2.229803
"7/29/22, 3:15:00 AM CDT",0.8,0,0,3.029803,2.229803
"7/29/22, 3:30:00 AM CDT",0.8,0,0,3.029803,2.229803
"7/29/22, 3:45:00 AM CDT",0.8,0,0,3.029803,2.229803
"7/29/22, 4:00:00 AM CDT",0.8,0,0,3.029803,2.229803
"7/29/22, 4:15:00 AM CDT",0.8,0,0,3.029803,2.229803
"7/29/22, 4:30:00 AM CDT",0.8,0,0,3.029803,2.229803
"7/29/22, 4:45:00 AM CDT",0.8,0,0,3.029803,2.229803
"7/29/22, 5:00:00 AM CDT",0.8,0,0,3.029803,2.229803
"7/29/22, 5:15:00 AM CDT",0.8,0,0,3.029803,2.229803
"7/29/22, 5:30:00 AM CDT",0.8,0,0,3.029803,2.229803
"7/29/22, 5:45:00 AM CDT",0.8,0,0,3.029803,2.229803
"7/29/22, 6:00:00 AM CDT",0.8,0,0,3.029803,2.229803
"7/29/22, 6:15:00 AM CDT",0.6666667,0,0,3.029803,2.363137
"7/29/22, 6:30:00 AM CDT",-0.2,0.2,0,2.49855,2.69855
"7/29/22, 6:45:00 AM CDT",-0.2333333,1,0,1.037604,1.237604
"7/29/22, 7:00:00 AM CDT",-1.333333,2.066667,0,0.1383472,1.438347
"7/29/22, 7:15:00 AM CDT",-2.466667,3.266667,0,-0.439944,1.993389
"7/29/22, 7:30:00 AM CDT",-4.526667,5.266667,0,-2.830583,1.616084
"7/29/22, 7:45:00 AM CDT",-7.166667,8.133333,0,-5.287629,1.845705
"7/29/22, 8:00:00 AM CDT",-10.46667,11.43333,0,-8.541553,1.958186
"7/29/22, 8:15:00 AM CDT",-13.63333,14.53333,0,-11.33063,2.269367
"7/29/22, 8:30:00 AM CDT",-16.06667,17.33333,0,-13.9537,2.148812
"7/29/22, 8:45:00 AM CDT",-18.76667,19.76667,0,-16.06211,2.70456
"7/29/22, 9:00:00 AM CDT",-19.16333,20.53667,0,-17.25743,2.04846
"7/29/22, 9:15:00 AM CDT",-26.69333,28.40667,0,-24.44871,2.384102
"7/29/22, 9:30:00 AM CDT",-42.19667,44.23,0,-39.76374,1.910546
"7/29/22, 9:45:00 AM CDT",-40.02,42.34667,0,-37.99013,2.095801
"7/29/22, 10:00:00 AM CDT",-31.17,32.80333,0,-28.80111,2.15287
"7/29/22, 10:15:00 AM CDT",-40.71667,43.08,0,-38.23085,2.152868
"7/29/22, 10:30:00 AM CDT",-46.2,48.71333,0,-44.3458,2.266576
"7/29/22, 10:45:00 AM CDT",-51.49,54.10333,0,-48.58199,2.996578
"7/29/22, 11:00:00 AM CDT",-54.09667,56.98333,0,-50.62676,3.625753
"7/29/22, 11:15:00 AM CDT",-65.09,68.68667,0,-61.68347,3.584499
"7/29/22, 11:30:00 AM CDT",-66.22,70.03333,0,-62.91199,3.338492
"7/29/22, 11:45:00 AM CDT",-69.86,73.80666,0,-66.46474,3.60672
"7/29/22, 12:00:00 PM CDT",-67.02,70.51334,0,-64.89866,2.282764
"7/29/22, 12:15:00 PM CDT",-74.26,78.48,0,-71.73577,2.899593
"7/29/22, 12:30:00 PM CDT",-79.43667,83.86667,0,-76.49768,2.948937
"7/29/22, 12:45:00 PM CDT",-75.82333,79.92667,0,-72.06781,3.695786
"7/29/22, 1:00:00 PM CDT",-75.91333,80.16,0,-72.40537,3.836308
"7/29/22, 1:15:00 PM CDT",-65.81,70.20667,0,-63.06141,2.254658
"7/29/22, 1:30:00 PM CDT",-47.69333,50.38334,0,-45.00433,3.184014
"7/29/22, 1:45:00 PM CDT",-77.91333,82.22667,0,-74.48058,3.285945
"7/29/22, 2:00:00 PM CDT",-62.85333,67.39333,0,-58.15008,6.585601
"7/29/22, 2:15:00 PM CDT",-61.26,64.51667,0,-58.77541,1.715815
"7/29/22, 2:30:00 PM CDT",-68.77666,72.62666,0,-67.84822,1.603462
"7/29/22, 2:45:00 PM CDT",-52.16667,55.65,0,-44.11061,7.818951
"7/29/22, 3:00:00 PM CDT",-61.44333,64.64,0,-59.61379,2.9086
"7/29/22, 3:15:00 PM CDT",-74.9,79.03333,0,-70.93336,3.634522
"7/29/22, 3:30:00 PM CDT",-60.24333,63.71333,0,-56.20492,3.392368
"7/29/22, 3:45:00 PM CDT",-25.72667,27.17333,0,-22.34307,4.974546
"7/29/22, 4:00:00 PM CDT",-51.64,54.35667,0,-48.45195,2.217972
"7/29/22, 4:15:00 PM CDT",-25.56667,26.78667,0,-23.46091,2.297611
"7/29/22, 4:30:00 PM CDT",-23.18,24.65,0,-21.06197,2.298667
"7/29/22, 4:45:00 PM CDT",-27.83333,29.38667,0,-24.92739,2.801307
"7/29/22, 5:00:00 PM CDT",-46.64333,49.23333,0,-44.37901,2.165629
"7/29/22, 5:15:00 PM CDT",-27.71,29.35333,0,-25.2954,2.618541
"7/29/22, 5:30:00 PM CDT",-28.76333,30.31,0,-25.92349,2.817584
"7/29/22, 5:45:00 PM CDT",-32.63334,34.48667,0,-29.10271,3.518896
"7/29/22, 6:00:00 PM CDT",-22.07667,23.48,0,-19.11681,2.873968
"7/29/22, 6:15:00 PM CDT",-17.14333,18.32667,0,-15.07431,2.066648
"7/29/22, 6:30:00 PM CDT",-12.78,14.04667,0,-10.79938,1.98088
"7/29/22, 6:45:00 PM CDT",-9.25,10.19,0,-6.682168,2.318611
"7/29/22, 7:00:00 PM CDT",-6.92,7.773333,0,-5.022002,1.831591
"7/29/22, 7:15:00 PM CDT",-7.3,8.166666,0,-5.022002,2.277998
"7/29/22, 7:30:00 PM CDT",-5.233334,6.166667,0,-3.760276,1.539724
"7/29/22, 7:45:00 PM CDT",-1.536667,2.323333,0,0.2102877,1.744447
"7/29/22, 8:00:00 PM CDT",0.5,0.1666667,0,1.90089,1.334484
"7/29/22, 8:15:00 PM CDT",0.8,0,0,3.029803,2.229803
"7/29/22, 8:30:00 PM CDT",0.8,0,0,3.029803,2.229803
"7/29/22, 8:45:00 PM CDT",0.8,0,0,3.029803,2.229803
"7/29/22, 9:00:00 PM CDT",0.8,0,0,3.029803,2.229803
"7/29/22, 9:15:00 PM CDT",0.8,0,0,3.029803,2.229803
"7/29/22, 9:30:00 PM CDT",0.8,0,0,3.029803,2.229803
"7/29/22, 9:45:00 PM CDT",0.8,0,0,3.029803,2.229803
"7/29/22, 10:00:00 PM CDT",0.8,0,0,3.029803,2.229803
"7/29/22, 10:15:00 PM CDT",0.8,0,0,3.029803,2.229803
"7/29/22, 10:30:00 PM CDT",0.8,0,0,3.029803,2.229803
"7/29/22, 10:45:00 PM CDT",0.8,0,0,3.029803,2.229803
"7/29/22, 11:00:00 PM CDT",0.8,0,0,3.029803,2.229803
"7/29/22, 11:15:00 PM CDT",0.8,0,0,3.029803,2.229803
"7/29/22, 11:30:00 PM CDT",0.8,0,0,3.029803,2.229803
"7/29/22, 11:45:00 PM CDT",0.8,0,0,3.029803,2.229803
"7/30/22, 12:00:00 AM CDT",0.8,0,0,3.029803,2.229803
"7/30/22, 12:15:00 AM CDT",0.8,0,0,3.029803,2.229803
"7/30/22, 12:30:00 AM CDT",0.8,0,0,3.029803,2.229803
"7/30/22, 12:45:00 AM CDT",0.8,0,0,3.029803,2.229803
"7/30/22, 1:00:00 AM CDT",0.8,0,0,3.029803,2.229803
"7/30/22, 1:15:00 AM CDT",0.8,0,0,3.029803,2.229803
"7/30/22, 1:30:00 AM CDT",0.8,0,0,3.029803,2.229803
"7/30/22, 1:45:00 AM CDT",0.8,0,0,3.029803,2.229803
"7/30/22, 2:00:00 AM CDT",0.8,0,0,3.029803,2.229803
"7/30/22, 2:15:00 AM CDT",0.8,0,0,3.029803,2.229803
"7/30/22, 2:30:00 AM CDT",0.8,0,0,3.029803,2.229803
"7/30/22, 2:45:00 AM CDT",0.8,0,0,3.029803,2.229803
"7/30/22, 3:00:00 AM CDT",0.8,0,0,3.029803,2.229803
"7/30/22, 3:15:00 AM CDT",0.8,0,0,3.029803,2.229803
"7/30/22, 3:30:00 AM CDT",0.8,0,0,3.029803,2.229803
"7/30/22, 3:45:00 AM CDT",0.8,0,0,3.029803,2.229803
"7/30/22, 4:00:00 AM CDT",0.8,0,0,3.029803,2.229803
"7/30/22, 4:15:00 AM CDT",0.8,0,0,3.029803,2.229803
"7/30/22, 4:30:00 AM CDT",0.8,0,0,3.029803,2.229803
"7/30/22, 4:45:00 AM CDT",0.8,0,0,3.029803,2.229803
"7/30/22, 5:00:00 AM CDT",0.8,0,0,3.029803,2.229803
"7/30/22, 5:15:00 AM CDT",0.8,0,0,3.029803,2.229803
"7/30/22, 5:30:00 AM CDT",0.8,0,0,3.029803,2.229803
"7/30/22, 5:45:00 AM CDT",0.8,0,0,3.029803,2.229803
"7/30/22, 6:00:00 AM CDT",0.8,0,0,3.029803,2.229803
"7/30/22, 6:15:00 AM CDT",0.8,0,0,3.029803,2.229803
"7/30/22, 6:30:00 AM CDT",0.7333333,0,0,2.89699,2.130583
"7/30/22, 6:45:00 AM CDT",-0.6333334,1.333333,0,0.6419308,1.272627
"7/30/22, 7:00:00 AM CDT",-1.333333,2.066667,0,-0.0415041,1.325163
"7/30/22, 7:15:00 AM CDT",-2.566667,3.366667,0,-0.1079108,2.492089
"7/30/22, 7:30:00 AM CDT",-3.2,4,0,-2.033703,1.166297
"7/30/22, 7:45:00 AM CDT",-2.433333,3.2,0,-0.6391639,1.761096
"7/30/22, 8:00:00 AM CDT",-4.446667,5.133333,0,-2.564956,1.848637
"7/30/22, 8:15:00 AM CDT",-7.4,8.3,0,-5.486849,1.880338
"7/30/22, 8:30:00 AM CDT",-12,13.07,0,-9.60406,2.329793
"7/30/22, 8:45:00 AM CDT",-13.91,15.2,0,-11.66267,2.277074
"7/30/22, 9:00:00 AM CDT",-12.2,13.1,0,-10.0025,2.197499
"7/30/22, 9:15:00 AM CDT",-12.91667,13.83333,0,-10.0025,2.8475
"7/30/22, 9:30:00 AM CDT",-11.3,12.7,0,-10.0025,1.2975
"7/30/22, 9:45:00 AM CDT",-11.43333,12.41667,0,-10.0025,1.4975
"7/30/22, 10:00:00 AM CDT",-18.56,19.93,0,-16.30836,2.230169
"7/30/22, 10:15:00 AM CDT",-30.09333,31.89333,0,-28.07064,2.043734
"7/30/22, 10:30:00 AM CDT",-35.21333,37.25667,0,-32.91556,2.366996
"7/30/22, 10:45:00 AM CDT",-34.45333,36.48333,0,-31.94989,2.560625
"7/30/22, 11:00:00 AM CDT",-44.81333,47.21667,0,-41.93303,3.074206
"7/30/22, 11:15:00 AM CDT",-44.68,47.09,0,-41.83342,3.35403
"7/30/22, 11:30:00 AM CDT",-49.22667,51.65,0,-45.61306,3.363781
"7/30/22, 11:45:00 AM CDT",-52.40667,55.51667,0,-48.74524,3.362689
"7/30/22, 12:00:00 PM CDT",-51.99667,54.81,0,-49.41208,2.406236
"7/30/22, 12:15:00 PM CDT",-51.29667,54.04333,0,-49.6777,2.841592
"7/30/22, 12:30:00 PM CDT",-52.24667,55.26667,0,-50.24216,2.567628
"7/30/22, 12:45:00 PM CDT",-51.76667,54.2,0,-49.81882,1.796904
"7/30/22, 1:00:00 PM CDT",-47.03667,49.67667,0,-43.68174,3.263353
"7/30/22, 1:15:00 PM CDT",-39.88334,42.10667,0,-36.56516,3.469644
"7/30/22, 1:30:00 PM CDT",-36.49,38.49,0,-33.0124,3.355046
"7/30/22, 1:45:00 PM CDT",-36.14667,38.22,0,-32.87959,3.226558
"7/30/22, 2:00:00 PM CDT",-33.4,35.3,0,-31.08661,2.213652
"7/30/22, 2:15:00 PM CDT",-28.23667,30.02333,0,-25.92626,2.329367
"7/30/22, 2:30:00 PM CDT",-29.48,31.24333,0,-26.94726,2.613258
"7/30/22, 2:45:00 PM CDT",-28.75667,30.53333,0,-26.61246,2.166583
"7/30/22, 3:00:00 PM CDT",-25.3,26.96667,0,-22.9684,2.331343
"7/30/22, 3:15:00 PM CDT",-27.37333,29.16,0,-24.35464,3.202551
"7/30/22, 3:30:00 PM CDT",-37.70333,39.48333,0,-34.47335,3.240246
"7/30/22, 3:45:00 PM CDT",-38.09667,40.33333,0,-35.08207,3.131258
"7/30/22, 4:00:00 PM CDT",-44.41333,47.08667,0,-42.22632,1.527188
"7/30/22, 4:15:00 PM CDT",-71.36333,75.21333,0,-69.27042,2.038524
"7/30/22, 4:30:00 PM CDT",-49.27,52.02333,0,-46.81945,2.671748
"7/30/22, 4:45:00 PM CDT",-28.07333,29.66333,0,-25.6966,2.302654
"7/30/22, 5:00:00 PM CDT",-37.00667,39.32333,0,-34.92159,2.112521
"7/30/22, 5:15:00 PM CDT",-31.31,33.16333,0,-29.19955,2.231913
"7/30/22, 5:30:00 PM CDT",-22.06667,23.76333,0,-20.31213,1.790422
"7/30/22, 5:45:00 PM CDT",-16.49333,17.62,0,-13.79598,2.733064
"7/30/22, 6:00:00 PM CDT",-21.28667,22.73,0,-17.77485,3.122082
"7/30/22, 6:15:00 PM CDT",-12.86333,13.96667,0,-10.06891,2.764602
"7/30/22, 6:30:00 PM CDT",-11.68,12.84333,0,-9.238824,2.463989
"7/30/22, 6:45:00 PM CDT",-7.216667,8.296667,0,-5.486849,1.829298
"7/30/22, 7:00:00 PM CDT",-4.8,5.733333,0,-3.162616,1.60405
"7/30/22, 7:15:00 PM CDT",-3.8,4.933333,0,-2.033703,1.732963
"7/30/22, 7:30:00 PM CDT",-1.856667,2.673333,0,0.09961,1.850306
"7/30/22, 7:45:00 PM CDT",-0.0333333,0.4,0,1.170417,1.170417
"7/30/22, 8:00:00 PM CDT",0,0,0,3.029803,3.029803
"7/30/22, 8:15:00 PM CDT",0.1666667,0,0,3.029803,2.863136
"7/30/22, 8:30:00 PM CDT",1,0,0,3.029803,2.029803
"7/30/22, 8:45:00 PM CDT",1,0,0,3.029803,2.029803
"7/30/22, 9:00:00 PM CDT",1,0,0,3.029803,2.029803
"7/30/22, 9:15:00 PM CDT",1,0,0,3.029803,2.029803
"7/30/22, 9:30:00 PM CDT",1,0,0,3.029803,2.029803
"7/30/22, 9:45:00 PM CDT",1,0,0,3.029803,2.029803
"7/30/22, 10:00:00 PM CDT",1,0,0,3.029803,2.029803
"7/30/22, 10:15:00 PM CDT",1,0,0,3.029803,2.029803
"7/30/22, 10:30:00 PM CDT",1,0,0,3.029803,2.029803
"7/30/22, 10:45:00 PM CDT",1,0,0,3.029803,2.029803
"7/30/22, 11:00:00 PM CDT",1,0,0,3.029803,2.029803
"7/30/22, 11:15:00 PM CDT",1,0,0,3.029803,2.029803
"7/30/22, 11:30:00 PM CDT",1,0,0,3.029803,2.029803
"7/30/22, 11:45:00 PM CDT",1,0,0,3.029803,2.029803
"7/31/22, 12:00:00 AM CDT",1,0,0,3.029803,2.029803
"7/31/22, 12:15:00 AM CDT",1,0,0,3.029803,2.029803
"7/31/22, 12:30:00 AM CDT",1,0,0,3.029803,2.029803
"7/31/22, 12:45:00 AM CDT",1,0,0,3.029803,2.029803
"7/31/22, 1:00:00 AM CDT",1,0,0,3.029803,2.029803
"7/31/22, 1:15:00 AM CDT",1,0,0,3.029803,2.029803
"7/31/22, 1:30:00 AM CDT",1,0,0,3.029803,2.029803
"7/31/22, 1:45:00 AM CDT",1,0,0,3.029803,2.029803
"7/31/22, 2:00:00 AM CDT",1,0,0,3.029803,2.029803
"7/31/22, 2:15:00 AM CDT",1,0,0,3.029803,2.029803
"7/31/22, 2:30:00 AM CDT",1,0,0,3.029803,2.029803
"7/31/22, 2:45:00 AM CDT",1,0,0,3.029803,2.029803
"7/31/22, 3:00:00 AM CDT",1,0,0,3.029803,2.029803
"7/31/22, 3:15:00 AM CDT",1,0,0,3.029803,2.029803
"7/31/22, 3:30:00 AM CDT",1,0,0,3.029803,2.029803
"7/31/22, 3:45:00 AM CDT",1,0,0,3.029803,2.029803
"7/31/22, 4:00:00 AM CDT",1,0,0,3.029803,2.029803
"7/31/22, 4:15:00 AM CDT",1,0,0,3.029803,2.029803
"7/31/22, 4:30:00 AM CDT",1,0,0,3.029803,2.029803
"7/31/22, 4:45:00 AM CDT",1,0,0,3.029803,2.029803
"7/31/22, 5:00:00 AM CDT",1,0,0,3.029803,2.029803
"7/31/22, 5:15:00 AM CDT",1,0,0,3.029803,2.029803
"7/31/22, 5:30:00 AM CDT",1,0,0,3.029803,2.029803
"7/31/22, 5:45:00 AM CDT",1,0,0,3.029803,2.029803
"7/31/22, 6:00:00 AM CDT",1,0,0,3.029803,2.029803
"7/31/22, 6:15:00 AM CDT",1,0,0,3.029803,2.029803
"7/31/22, 6:30:00 AM CDT",1,0,0,3.029803,2.029803
"7/31/22, 6:45:00 AM CDT",0,0.5333334,0,1.90089,1.867557
"7/31/22, 7:00:00 AM CDT",-1.833333,2.733333,0,-0.0415041,1.827799
"7/31/22, 7:15:00 AM CDT",-2,2.366667,0,0.1743174,2.210288
"7/31/22, 7:30:00 AM CDT",-2.466667,3.266667,0,-0.5727572,1.893649
"7/31/22, 7:45:00 AM CDT",-7.666667,8.633333,0,-6.084508,1.615232
"7/31/22, 8:00:00 AM CDT",-10,10.6,0,-8.010301,1.989699
"7/31/22, 8:15:00 AM CDT",-12.61333,13.72333,0,-10.79938,1.777287
"7/31/22, 8:30:00 AM CDT",-14.36667,15.55667,0,-11.96426,2.438244
"7/31/22, 8:45:00 AM CDT",-12.63333,13.54333,0,-10.13531,2.464947
"7/31/22, 9:00:00 AM CDT",-15.04333,16.03333,0,-12.90502,2.13831
"7/31/22, 9:15:00 AM CDT",-14.42667,15.69667,0,-12.19392,2.229414
"7/31/22, 9:30:00 AM CDT",-11.69,12.6,0,-8.209521,3.480739
"7/31/22, 9:45:00 AM CDT",-9.866667,11.03333,0,-7.479048,2.320951
"7/31/22, 10:00:00 AM CDT",-13.78,14.81667,0,-11.39704,2.4827
"7/31/22, 10:15:00 AM CDT",-10.13,10.87,0,-7.877488,2.352512
"7/31/22, 10:30:00 AM CDT",-12.88667,13.9,0,-10.92943,1.985764
"7/31/22, 10:45:00 AM CDT",-30.92667,32.86,0,-28.86475,2.05935
"7/31/22, 11:00:00 AM CDT",-41.59333,43.69,0,-39.06647,2.209637
"7/31/22, 11:15:00 AM CDT",-43.63,46.08333,0,-41.86939,2.001384
"7/31/22, 11:30:00 AM CDT",-54.31667,57.30667,0,-51.99087,2.791567
"7/31/22, 11:45:00 AM CDT",-47.35667,49.94667,0,-44.24066,3.243373
"7/31/22, 12:00:00 PM CDT",-36.55667,38.57333,0,-33.34997,3.257219
"7/31/22, 12:15:00 PM CDT",-64.21,67.15667,0,-59.67467,2.779075
"7/31/22, 12:30:00 PM CDT",-79.27333,83.98666,0,-76.29016,2.153988
"7/31/22, 12:45:00 PM CDT",-66.44334,70.61,0,-64.16265,2.950797
"7/31/22, 1:00:00 PM CDT",-49.89,56.37,0,-49.92949,3.408011
"7/31/22, 1:15:00 PM CDT",-55.65667,59.26,0,-51.65053,3.583869
"7/31/22, 1:30:00 PM CDT",-33.76667,36.21,0,-31.41034,3.170485
"7/31/22, 1:45:00 PM CDT",-35.54667,37.39,0,-32.293,3.401072
"7/31/22, 2:00:00 PM CDT",-46.35667,48.95,0,-45.20355,2.134626
"7/31/22, 2:15:00 PM CDT",-45.94333,48.72667,0,-44.04974,1.904292
"7/31/22, 2:30:00 PM CDT",-60.32,62.58,0,-57.54689,2.354847
"7/31/22, 2:45:00 PM CDT",-60.34333,64.67667,0,-58.07814,2.344432
"7/31/22, 3:00:00 PM CDT",-40.70333,42.82333,0,-37.21815,2.455764
"7/31/22, 3:15:00 PM CDT",-36.27333,38.28333,0,-32.97366,3.413439
"7/31/22, 3:30:00 PM CDT",-30.77333,32.77333,0,-27.62793,3.459257
"7/31/22, 3:45:00 PM CDT",-25.79,27.37333,0,-22.38734,3.389328
"7/31/22, 4:00:00 PM CDT",-23.19667,24.57667,0,-20.9762,2.450209
"7/31/22, 4:15:00 PM CDT",-23.66667,25.06333,0,-21.64857,1.958102
"7/31/22, 4:30:00 PM CDT",-20.52333,21.72667,0,-18.24799,2.391395
"7/31/22, 4:45:00 PM CDT",-35.03,36.54667,0,-32.54755,2.868712
"7/31/22, 5:00:00 PM CDT",-40.12333,41.55667,0,-37.31223,2.884649
"7/31/22, 5:15:00 PM CDT",-32.43333,34.29333,0,-30.29803,2.108933
"7/31/22, 5:30:00 PM CDT",-26.47333,27.76,0,-24.49022,2.305541
"7/31/22, 5:45:00 PM CDT",-15.64667,16.91667,0,-13.9869,1.688551
"7/31/22, 6:00:00 PM CDT",-12.66333,13.66333,0,-10.47288,2.273786
"7/31/22, 6:15:00 PM CDT",-15.65,16.67333,0,-13.59399,2.151281
"7/31/22, 6:30:00 PM CDT",-8.426666,9.416666,0,-5.221222,3.298518
"7/31/22, 6:45:00 PM CDT",-10.61333,11.47667,0,-7.282595,3.089272
"7/31/22, 7:00:00 PM CDT",-7.976666,8.806666,0,-5.088409,2.891591
"7/31/22, 7:15:00 PM CDT",-6.3,7.216667,0,-4.092309,2.271024
"7/31/22, 7:30:00 PM CDT",-4,4.823333,0,-1.732107,2.13508
"7/31/22, 7:45:00 PM CDT",-2.066667,2.7,0,0.390139,2.490139
"7/31/22, 8:00:00 PM CDT",-0.0133333,0.78,0,2.49855,2.445477
"7/31/22, 8:15:00 PM CDT",0.7,0.7,0,3.029803,2.329803
"7/31/22, 8:30:00 PM CDT",0.7,0.7,0,3.029803,2.329803
"7/31/22, 8:45:00 PM CDT",0.7,0.7,0,3.029803,2.329803
"7/31/22, 9:00:00 PM CDT",0.7,0.7,0,3.029803,2.329803
"7/31/22, 9:15:00 PM CDT",0.7,0.7,0,3.029803,2.329803
"7/31/22, 9:30:00 PM CDT",0.7,0.7,0,3.029803,2.329803
"7/31/22, 9:45:00 PM CDT",0.7,0.7,0,3.029803,2.329803
"7/31/22, 10:00:00 PM CDT",0.7,0.7,0,3.029803,2.329803
"7/31/22, 10:15:00 PM CDT",0.7,0.7,0,3.029803,2.329803
"7/31/22, 10:30:00 PM CDT",0.7,0.7,0,3.029803,2.329803
"7/31/22, 10:45:00 PM CDT",0.7,0.7,0,3.029803,2.329803
"7/31/22, 11:00:00 PM CDT",0.7,0.7,0,3.029803,2.329803
"7/31/22, 11:15:00 PM CDT",0.7,0.7,0,3.029803,2.329803
"7/31/22, 11:30:00 PM CDT",0.7,0.7,0,3.029803,2.329803
"7/31/22, 11:45:00 PM CDT",0.7,0.7,0,3.029803,2.329803
"8/1/22, 12:00:00 AM CDT",0.7,0.7,0,3.029803,2.329803